2025-11-01 10:03:29,669 | ======================================================================
2025-11-01 10:03:29,669 | T6-A2: Shot-Complexity Reduction Bound (GPU, fixed)
2025-11-01 10:03:29,669 | ======================================================================
2025-11-01 10:03:29,669 | GPU available: True
2025-11-01 10:03:29,669 | Log file: ../../Data/Experiments/Tier6/T6A2/T6A2_GPU_log_20251101_100329.log
2025-11-01 10:03:29,669 | 
Starting experiment (fixed GLRT in cycles)…
2025-11-01 10:03:29,669 | Lattice: r ∈ [32, 512], r* = 168
2025-11-01 10:03:29,669 | Noise: σ = 0.0200 rad = 0.003183 cycles
2025-11-01 10:03:29,669 | Priors: hit_prob=0.55, K=12
2025-11-01 10:03:29,669 | Batch=256, Max shots=5000, Trials=300
2025-11-01 10:03:29,669 | Stops: conf ≥ 0.90 OR top2 margin ≥ 10.0
2025-11-01 10:03:29,669 | k-scheduler: random (iid)
2025-11-01 10:03:29,669 | 
----------------------------------------------------------------------
2025-11-01 10:03:29,669 | Scheduler mode: random
2025-11-01 10:03:29,669 |   iid random k per measurement
2025-11-01 10:03:29,986 | 
Running uniform prior trials...
2025-11-01 10:03:30,194 |   Trial   1/300 | Shots: 5000 | Mean: 5000.0±0.0 | Time: 0.21s | ETA: 1.0m
2025-11-01 10:03:30,264 |   Trial   2/300 | Shots: 5000 | Mean: 5000.0±0.0 | Time: 0.07s | ETA: 0.7m
2025-11-01 10:03:30,312 |   Trial   3/300 | Shots: 5000 | Mean: 5000.0±0.0 | Time: 0.05s | ETA: 0.5m
2025-11-01 10:03:30,335 |   Trial   4/300 | Shots: 5000 | Mean: 5000.0±0.0 | Time: 0.02s | ETA: 0.4m
2025-11-01 10:03:30,366 |   Trial   5/300 | Shots: 5000 | Mean: 5000.0±0.0 | Time: 0.03s | ETA: 0.4m
2025-11-01 10:03:30,383 |   Trial   6/300 | Shots: 5000 | Mean: 5000.0±0.0 | Time: 0.02s | ETA: 0.3m
2025-11-01 10:03:30,399 |   Trial   7/300 | Shots: 5000 | Mean: 5000.0±0.0 | Time: 0.02s | ETA: 0.3m
2025-11-01 10:03:30,407 |   Trial   8/300 | Shots: 5000 | Mean: 5000.0±0.0 | Time: 0.01s | ETA: 0.3m
2025-11-01 10:03:30,413 |   Trial   9/300 | Shots: 3328 | Mean: 4814.2±525.5 | Time: 0.01s | ETA: 0.2m
2025-11-01 10:03:30,421 |   Trial  10/300 | Shots: 5000 | Mean: 4832.8±501.6 | Time: 0.01s | ETA: 0.2m
2025-11-01 10:03:30,445 |   Trial  11/300 | Shots: 5000 | Mean: 4848.0±480.7 | Time: 0.02s | ETA: 0.2m
2025-11-01 10:03:30,458 |   Trial  12/300 | Shots: 5000 | Mean: 4860.7±462.1 | Time: 0.01s | ETA: 0.2m
2025-11-01 10:03:30,494 |   Trial  13/300 | Shots: 5000 | Mean: 4871.4±445.5 | Time: 0.04s | ETA: 0.2m
2025-11-01 10:03:30,524 |   Trial  14/300 | Shots: 5000 | Mean: 4880.6±430.6 | Time: 0.03s | ETA: 0.2m
2025-11-01 10:03:30,564 |   Trial  15/300 | Shots: 5000 | Mean: 4888.5±417.1 | Time: 0.04s | ETA: 0.2m
2025-11-01 10:03:30,600 |   Trial  16/300 | Shots: 5000 | Mean: 4895.5±404.7 | Time: 0.04s | ETA: 0.2m
2025-11-01 10:03:30,637 |   Trial  17/300 | Shots: 5000 | Mean: 4901.6±393.4 | Time: 0.04s | ETA: 0.2m
2025-11-01 10:03:30,675 |   Trial  18/300 | Shots: 5000 | Mean: 4907.1±383.0 | Time: 0.04s | ETA: 0.2m
2025-11-01 10:03:30,708 |   Trial  19/300 | Shots: 5000 | Mean: 4912.0±373.4 | Time: 0.03s | ETA: 0.2m
2025-11-01 10:03:30,745 |   Trial  20/300 | Shots: 5000 | Mean: 4916.4±364.4 | Time: 0.04s | ETA: 0.2m
2025-11-01 10:03:30,777 |   Trial  21/300 | Shots: 5000 | Mean: 4920.4±356.1 | Time: 0.03s | ETA: 0.2m
2025-11-01 10:03:30,808 |   Trial  22/300 | Shots: 5000 | Mean: 4924.0±348.3 | Time: 0.03s | ETA: 0.2m
2025-11-01 10:03:30,848 |   Trial  23/300 | Shots: 5000 | Mean: 4927.3±341.0 | Time: 0.04s | ETA: 0.2m
2025-11-01 10:03:30,884 |   Trial  24/300 | Shots: 5000 | Mean: 4930.3±334.1 | Time: 0.04s | ETA: 0.2m
2025-11-01 10:03:30,914 |   Trial  25/300 | Shots: 5000 | Mean: 4933.1±327.6 | Time: 0.03s | ETA: 0.2m
2025-11-01 10:03:30,954 |   Trial  26/300 | Shots: 5000 | Mean: 4935.7±321.5 | Time: 0.04s | ETA: 0.2m
2025-11-01 10:03:30,991 |   Trial  27/300 | Shots: 5000 | Mean: 4938.1±315.8 | Time: 0.04s | ETA: 0.2m
2025-11-01 10:03:31,021 |   Trial  28/300 | Shots: 5000 | Mean: 4940.3±310.3 | Time: 0.03s | ETA: 0.2m
2025-11-01 10:03:31,056 |   Trial  29/300 | Shots: 5000 | Mean: 4942.3±305.1 | Time: 0.04s | ETA: 0.2m
2025-11-01 10:03:31,098 |   Trial  30/300 | Shots: 5000 | Mean: 4944.3±300.1 | Time: 0.04s | ETA: 0.2m
2025-11-01 10:03:31,135 |   Trial  31/300 | Shots: 5000 | Mean: 4946.1±295.4 | Time: 0.04s | ETA: 0.2m
2025-11-01 10:03:31,172 |   Trial  32/300 | Shots: 5000 | Mean: 4947.8±290.9 | Time: 0.04s | ETA: 0.2m
2025-11-01 10:03:31,208 |   Trial  33/300 | Shots: 5000 | Mean: 4949.3±286.6 | Time: 0.04s | ETA: 0.2m
2025-11-01 10:03:31,241 |   Trial  34/300 | Shots: 5000 | Mean: 4950.8±282.5 | Time: 0.03s | ETA: 0.2m
2025-11-01 10:03:31,282 |   Trial  35/300 | Shots: 5000 | Mean: 4952.2±278.6 | Time: 0.04s | ETA: 0.2m
2025-11-01 10:03:31,311 |   Trial  36/300 | Shots: 5000 | Mean: 4953.6±274.8 | Time: 0.03s | ETA: 0.2m
2025-11-01 10:03:31,347 |   Trial  37/300 | Shots: 5000 | Mean: 4954.8±271.1 | Time: 0.04s | ETA: 0.2m
2025-11-01 10:03:31,388 |   Trial  38/300 | Shots: 5000 | Mean: 4956.0±267.6 | Time: 0.04s | ETA: 0.2m
2025-11-01 10:03:31,416 |   Trial  39/300 | Shots: 5000 | Mean: 4957.1±264.3 | Time: 0.03s | ETA: 0.2m
2025-11-01 10:03:31,451 |   Trial  40/300 | Shots: 5000 | Mean: 4958.2±261.0 | Time: 0.03s | ETA: 0.2m
2025-11-01 10:03:31,491 |   Trial  41/300 | Shots: 5000 | Mean: 4959.2±257.9 | Time: 0.04s | ETA: 0.2m
2025-11-01 10:03:31,514 |   Trial  42/300 | Shots: 5000 | Mean: 4960.2±254.9 | Time: 0.02s | ETA: 0.2m
2025-11-01 10:03:31,536 |   Trial  43/300 | Shots: 5000 | Mean: 4961.1±252.0 | Time: 0.02s | ETA: 0.2m
2025-11-01 10:03:31,568 |   Trial  44/300 | Shots: 5000 | Mean: 4962.0±249.2 | Time: 0.03s | ETA: 0.2m
2025-11-01 10:03:31,602 |   Trial  45/300 | Shots: 5000 | Mean: 4962.8±246.5 | Time: 0.03s | ETA: 0.2m
2025-11-01 10:03:31,633 |   Trial  46/300 | Shots: 5000 | Mean: 4963.7±243.8 | Time: 0.03s | ETA: 0.2m
2025-11-01 10:03:31,668 |   Trial  47/300 | Shots: 5000 | Mean: 4964.4±241.3 | Time: 0.04s | ETA: 0.2m
2025-11-01 10:03:31,702 |   Trial  48/300 | Shots: 5000 | Mean: 4965.2±238.8 | Time: 0.03s | ETA: 0.2m
2025-11-01 10:03:31,750 |   Trial  49/300 | Shots: 5000 | Mean: 4965.9±236.4 | Time: 0.04s | ETA: 0.2m
2025-11-01 10:03:31,784 |   Trial  50/300 | Shots: 5000 | Mean: 4966.6±234.1 | Time: 0.03s | ETA: 0.1m
2025-11-01 10:03:31,812 |   Trial  51/300 | Shots: 5000 | Mean: 4967.2±231.8 | Time: 0.03s | ETA: 0.1m
2025-11-01 10:03:31,851 |   Trial  52/300 | Shots: 5000 | Mean: 4967.8±229.6 | Time: 0.04s | ETA: 0.1m
2025-11-01 10:03:31,889 |   Trial  53/300 | Shots: 5000 | Mean: 4968.5±227.5 | Time: 0.04s | ETA: 0.1m
2025-11-01 10:03:31,918 |   Trial  54/300 | Shots: 5000 | Mean: 4969.0±225.4 | Time: 0.03s | ETA: 0.1m
2025-11-01 10:03:31,954 |   Trial  55/300 | Shots: 5000 | Mean: 4969.6±223.4 | Time: 0.04s | ETA: 0.1m
2025-11-01 10:03:31,986 |   Trial  56/300 | Shots: 4864 | Mean: 4967.7±221.8 | Time: 0.03s | ETA: 0.1m
2025-11-01 10:03:32,018 |   Trial  57/300 | Shots: 5000 | Mean: 4968.3±219.9 | Time: 0.03s | ETA: 0.1m
2025-11-01 10:03:32,056 |   Trial  58/300 | Shots: 5000 | Mean: 4968.8±218.1 | Time: 0.04s | ETA: 0.1m
2025-11-01 10:03:32,092 |   Trial  59/300 | Shots: 5000 | Mean: 4969.4±216.2 | Time: 0.04s | ETA: 0.1m
2025-11-01 10:03:32,123 |   Trial  60/300 | Shots: 5000 | Mean: 4969.9±214.5 | Time: 0.03s | ETA: 0.1m
2025-11-01 10:03:32,161 |   Trial  61/300 | Shots: 5000 | Mean: 4970.4±212.7 | Time: 0.04s | ETA: 0.1m
2025-11-01 10:03:32,192 |   Trial  62/300 | Shots: 5000 | Mean: 4970.8±211.0 | Time: 0.03s | ETA: 0.1m
2025-11-01 10:03:32,221 |   Trial  63/300 | Shots: 5000 | Mean: 4971.3±209.4 | Time: 0.03s | ETA: 0.1m
2025-11-01 10:03:32,257 |   Trial  64/300 | Shots: 5000 | Mean: 4971.8±207.8 | Time: 0.04s | ETA: 0.1m
2025-11-01 10:03:32,294 |   Trial  65/300 | Shots: 5000 | Mean: 4972.2±206.2 | Time: 0.04s | ETA: 0.1m
2025-11-01 10:03:32,324 |   Trial  66/300 | Shots: 5000 | Mean: 4972.6±204.7 | Time: 0.03s | ETA: 0.1m
2025-11-01 10:03:32,352 |   Trial  67/300 | Shots: 5000 | Mean: 4973.0±203.2 | Time: 0.03s | ETA: 0.1m
2025-11-01 10:03:32,389 |   Trial  68/300 | Shots: 5000 | Mean: 4973.4±201.7 | Time: 0.04s | ETA: 0.1m
2025-11-01 10:03:32,417 |   Trial  69/300 | Shots: 5000 | Mean: 4973.8±200.2 | Time: 0.03s | ETA: 0.1m
2025-11-01 10:03:32,457 |   Trial  70/300 | Shots: 5000 | Mean: 4974.2±198.8 | Time: 0.04s | ETA: 0.1m
2025-11-01 10:03:32,496 |   Trial  71/300 | Shots: 5000 | Mean: 4974.5±197.4 | Time: 0.04s | ETA: 0.1m
2025-11-01 10:03:32,527 |   Trial  72/300 | Shots: 5000 | Mean: 4974.9±196.1 | Time: 0.03s | ETA: 0.1m
2025-11-01 10:03:32,555 |   Trial  73/300 | Shots: 5000 | Mean: 4975.2±194.8 | Time: 0.03s | ETA: 0.1m
2025-11-01 10:03:32,589 |   Trial  74/300 | Shots: 5000 | Mean: 4975.6±193.5 | Time: 0.03s | ETA: 0.1m
2025-11-01 10:03:32,621 |   Trial  75/300 | Shots: 5000 | Mean: 4975.9±192.2 | Time: 0.03s | ETA: 0.1m
2025-11-01 10:03:32,661 |   Trial  76/300 | Shots: 5000 | Mean: 4976.2±190.9 | Time: 0.04s | ETA: 0.1m
2025-11-01 10:03:32,699 |   Trial  77/300 | Shots: 5000 | Mean: 4976.5±189.7 | Time: 0.04s | ETA: 0.1m
2025-11-01 10:03:32,740 |   Trial  78/300 | Shots: 5000 | Mean: 4976.8±188.5 | Time: 0.04s | ETA: 0.1m
2025-11-01 10:03:32,778 |   Trial  79/300 | Shots: 5000 | Mean: 4977.1±187.3 | Time: 0.04s | ETA: 0.1m
2025-11-01 10:03:32,810 |   Trial  80/300 | Shots: 5000 | Mean: 4977.4±186.2 | Time: 0.03s | ETA: 0.1m
2025-11-01 10:03:32,853 |   Trial  81/300 | Shots: 5000 | Mean: 4977.7±185.0 | Time: 0.04s | ETA: 0.1m
2025-11-01 10:03:32,892 |   Trial  82/300 | Shots: 5000 | Mean: 4978.0±183.9 | Time: 0.04s | ETA: 0.1m
2025-11-01 10:03:32,927 |   Trial  83/300 | Shots: 5000 | Mean: 4978.2±182.8 | Time: 0.04s | ETA: 0.1m
2025-11-01 10:03:32,966 |   Trial  84/300 | Shots: 5000 | Mean: 4978.5±181.8 | Time: 0.04s | ETA: 0.1m
2025-11-01 10:03:33,004 |   Trial  85/300 | Shots: 5000 | Mean: 4978.7±180.7 | Time: 0.04s | ETA: 0.1m
2025-11-01 10:03:33,026 |   Trial  86/300 | Shots: 3328 | Mean: 4959.5±252.2 | Time: 0.02s | ETA: 0.1m
2025-11-01 10:03:33,065 |   Trial  87/300 | Shots: 5000 | Mean: 4960.0±250.8 | Time: 0.04s | ETA: 0.1m
2025-11-01 10:03:33,104 |   Trial  88/300 | Shots: 5000 | Mean: 4960.5±249.4 | Time: 0.04s | ETA: 0.1m
2025-11-01 10:03:33,140 |   Trial  89/300 | Shots: 5000 | Mean: 4960.9±248.0 | Time: 0.04s | ETA: 0.1m
2025-11-01 10:03:33,171 |   Trial  90/300 | Shots: 4352 | Mean: 4954.1±254.7 | Time: 0.03s | ETA: 0.1m
2025-11-01 10:03:33,208 |   Trial  91/300 | Shots: 5000 | Mean: 4954.6±253.4 | Time: 0.04s | ETA: 0.1m
2025-11-01 10:03:33,253 |   Trial  92/300 | Shots: 5000 | Mean: 4955.1±252.0 | Time: 0.05s | ETA: 0.1m
2025-11-01 10:03:33,293 |   Trial  93/300 | Shots: 5000 | Mean: 4955.6±250.7 | Time: 0.04s | ETA: 0.1m
2025-11-01 10:03:33,344 |   Trial  94/300 | Shots: 5000 | Mean: 4956.1±249.4 | Time: 0.05s | ETA: 0.1m
2025-11-01 10:03:33,388 |   Trial  95/300 | Shots: 5000 | Mean: 4956.5±248.2 | Time: 0.04s | ETA: 0.1m
2025-11-01 10:03:33,425 |   Trial  96/300 | Shots: 5000 | Mean: 4957.0±246.9 | Time: 0.04s | ETA: 0.1m
2025-11-01 10:03:33,459 |   Trial  97/300 | Shots: 5000 | Mean: 4957.4±245.7 | Time: 0.03s | ETA: 0.1m
2025-11-01 10:03:33,492 |   Trial  98/300 | Shots: 5000 | Mean: 4957.9±244.4 | Time: 0.03s | ETA: 0.1m
2025-11-01 10:03:33,524 |   Trial  99/300 | Shots: 5000 | Mean: 4958.3±243.2 | Time: 0.03s | ETA: 0.1m
2025-11-01 10:03:33,558 |   Trial 100/300 | Shots: 5000 | Mean: 4958.7±242.1 | Time: 0.03s | ETA: 0.1m
2025-11-01 10:03:33,592 |   Trial 101/300 | Shots: 5000 | Mean: 4959.1±240.9 | Time: 0.03s | ETA: 0.1m
2025-11-01 10:03:33,619 |   Trial 102/300 | Shots: 5000 | Mean: 4959.5±239.7 | Time: 0.03s | ETA: 0.1m
2025-11-01 10:03:33,652 |   Trial 103/300 | Shots: 5000 | Mean: 4959.9±238.6 | Time: 0.03s | ETA: 0.1m
2025-11-01 10:03:33,684 |   Trial 104/300 | Shots: 5000 | Mean: 4960.3±237.5 | Time: 0.03s | ETA: 0.1m
2025-11-01 10:03:33,712 |   Trial 105/300 | Shots: 5000 | Mean: 4960.7±236.4 | Time: 0.03s | ETA: 0.1m
2025-11-01 10:03:33,742 |   Trial 106/300 | Shots: 5000 | Mean: 4961.1±235.3 | Time: 0.03s | ETA: 0.1m
2025-11-01 10:03:33,774 |   Trial 107/300 | Shots: 5000 | Mean: 4961.4±234.2 | Time: 0.03s | ETA: 0.1m
2025-11-01 10:03:33,807 |   Trial 108/300 | Shots: 5000 | Mean: 4961.8±233.2 | Time: 0.03s | ETA: 0.1m
2025-11-01 10:03:33,836 |   Trial 109/300 | Shots: 5000 | Mean: 4962.1±232.1 | Time: 0.03s | ETA: 0.1m
2025-11-01 10:03:33,856 |   Trial 110/300 | Shots: 5000 | Mean: 4962.5±231.1 | Time: 0.02s | ETA: 0.1m
2025-11-01 10:03:33,864 |   Trial 111/300 | Shots: 5000 | Mean: 4962.8±230.1 | Time: 0.01s | ETA: 0.1m
2025-11-01 10:03:33,880 |   Trial 112/300 | Shots: 5000 | Mean: 4963.1±229.1 | Time: 0.02s | ETA: 0.1m
2025-11-01 10:03:33,899 |   Trial 113/300 | Shots: 5000 | Mean: 4963.5±228.1 | Time: 0.02s | ETA: 0.1m
2025-11-01 10:03:33,907 |   Trial 114/300 | Shots: 5000 | Mean: 4963.8±227.1 | Time: 0.01s | ETA: 0.1m
2025-11-01 10:03:33,920 |   Trial 115/300 | Shots: 5000 | Mean: 4964.1±226.1 | Time: 0.01s | ETA: 0.1m
2025-11-01 10:03:33,928 |   Trial 116/300 | Shots: 5000 | Mean: 4964.4±225.2 | Time: 0.01s | ETA: 0.1m
2025-11-01 10:03:33,936 |   Trial 117/300 | Shots: 5120 | Mean: 4965.7±224.7 | Time: 0.01s | ETA: 0.1m
2025-11-01 10:03:33,959 |   Trial 118/300 | Shots: 5000 | Mean: 4966.0±223.8 | Time: 0.02s | ETA: 0.1m
2025-11-01 10:03:33,981 |   Trial 119/300 | Shots: 5000 | Mean: 4966.3±222.8 | Time: 0.02s | ETA: 0.1m
2025-11-01 10:03:33,996 |   Trial 120/300 | Shots: 5000 | Mean: 4966.6±221.9 | Time: 0.01s | ETA: 0.1m
2025-11-01 10:03:34,012 |   Trial 121/300 | Shots: 5000 | Mean: 4966.9±221.0 | Time: 0.02s | ETA: 0.1m
2025-11-01 10:03:34,023 |   Trial 122/300 | Shots: 5000 | Mean: 4967.1±220.1 | Time: 0.01s | ETA: 0.1m
2025-11-01 10:03:34,042 |   Trial 123/300 | Shots: 5000 | Mean: 4967.4±219.3 | Time: 0.02s | ETA: 0.1m
2025-11-01 10:03:34,052 |   Trial 124/300 | Shots: 5000 | Mean: 4967.7±218.4 | Time: 0.01s | ETA: 0.1m
2025-11-01 10:03:34,074 |   Trial 125/300 | Shots: 5000 | Mean: 4967.9±217.5 | Time: 0.02s | ETA: 0.1m
2025-11-01 10:03:34,097 |   Trial 126/300 | Shots: 5000 | Mean: 4968.2±216.7 | Time: 0.02s | ETA: 0.1m
2025-11-01 10:03:34,105 |   Trial 127/300 | Shots: 5000 | Mean: 4968.4±215.9 | Time: 0.01s | ETA: 0.1m
2025-11-01 10:03:34,114 |   Trial 128/300 | Shots: 5000 | Mean: 4968.7±215.0 | Time: 0.01s | ETA: 0.1m
2025-11-01 10:03:34,122 |   Trial 129/300 | Shots: 5000 | Mean: 4968.9±214.2 | Time: 0.01s | ETA: 0.1m
2025-11-01 10:03:34,135 |   Trial 130/300 | Shots: 5000 | Mean: 4969.2±213.4 | Time: 0.01s | ETA: 0.1m
2025-11-01 10:03:34,155 |   Trial 131/300 | Shots: 5000 | Mean: 4969.4±212.6 | Time: 0.02s | ETA: 0.1m
2025-11-01 10:03:34,165 |   Trial 132/300 | Shots: 5000 | Mean: 4969.6±211.8 | Time: 0.01s | ETA: 0.1m
2025-11-01 10:03:34,180 |   Trial 133/300 | Shots: 5000 | Mean: 4969.9±211.0 | Time: 0.02s | ETA: 0.1m
2025-11-01 10:03:34,192 |   Trial 134/300 | Shots: 5000 | Mean: 4970.1±210.3 | Time: 0.01s | ETA: 0.1m
2025-11-01 10:03:34,216 |   Trial 135/300 | Shots: 5000 | Mean: 4970.3±209.5 | Time: 0.02s | ETA: 0.1m
2025-11-01 10:03:34,226 |   Trial 136/300 | Shots: 5000 | Mean: 4970.5±208.7 | Time: 0.01s | ETA: 0.1m
2025-11-01 10:03:34,260 |   Trial 137/300 | Shots: 5000 | Mean: 4970.7±208.0 | Time: 0.03s | ETA: 0.1m
2025-11-01 10:03:34,279 |   Trial 138/300 | Shots: 5000 | Mean: 4971.0±207.3 | Time: 0.02s | ETA: 0.1m
2025-11-01 10:03:34,288 |   Trial 139/300 | Shots: 5000 | Mean: 4971.2±206.5 | Time: 0.01s | ETA: 0.1m
2025-11-01 10:03:34,296 |   Trial 140/300 | Shots: 5000 | Mean: 4971.4±205.8 | Time: 0.01s | ETA: 0.1m
2025-11-01 10:03:34,305 |   Trial 141/300 | Shots: 5000 | Mean: 4971.6±205.1 | Time: 0.01s | ETA: 0.1m
2025-11-01 10:03:34,313 |   Trial 142/300 | Shots: 5000 | Mean: 4971.8±204.4 | Time: 0.01s | ETA: 0.1m
2025-11-01 10:03:34,328 |   Trial 143/300 | Shots: 5000 | Mean: 4972.0±203.7 | Time: 0.02s | ETA: 0.1m
2025-11-01 10:03:34,346 |   Trial 144/300 | Shots: 5000 | Mean: 4972.2±203.0 | Time: 0.02s | ETA: 0.1m
2025-11-01 10:03:34,352 |   Trial 145/300 | Shots: 3840 | Mean: 4964.4±222.9 | Time: 0.01s | ETA: 0.1m
2025-11-01 10:03:34,375 |   Trial 146/300 | Shots: 5000 | Mean: 4964.6±222.2 | Time: 0.02s | ETA: 0.1m
2025-11-01 10:03:34,406 |   Trial 147/300 | Shots: 5000 | Mean: 4964.8±221.4 | Time: 0.03s | ETA: 0.1m
2025-11-01 10:03:34,415 |   Trial 148/300 | Shots: 5000 | Mean: 4965.1±220.7 | Time: 0.01s | ETA: 0.1m
2025-11-01 10:03:34,424 |   Trial 149/300 | Shots: 5000 | Mean: 4965.3±220.0 | Time: 0.01s | ETA: 0.1m
2025-11-01 10:03:34,456 |   Trial 150/300 | Shots: 5000 | Mean: 4965.5±219.3 | Time: 0.03s | ETA: 0.1m
2025-11-01 10:03:34,481 |   Trial 151/300 | Shots: 5000 | Mean: 4965.8±218.6 | Time: 0.03s | ETA: 0.1m
2025-11-01 10:03:34,497 |   Trial 152/300 | Shots: 5000 | Mean: 4966.0±217.9 | Time: 0.02s | ETA: 0.1m
2025-11-01 10:03:34,507 |   Trial 153/300 | Shots: 5000 | Mean: 4966.2±217.2 | Time: 0.01s | ETA: 0.1m
2025-11-01 10:03:34,516 |   Trial 154/300 | Shots: 5000 | Mean: 4966.4±216.5 | Time: 0.01s | ETA: 0.1m
2025-11-01 10:03:34,536 |   Trial 155/300 | Shots: 5000 | Mean: 4966.7±215.8 | Time: 0.02s | ETA: 0.1m
2025-11-01 10:03:34,551 |   Trial 156/300 | Shots: 5000 | Mean: 4966.9±215.1 | Time: 0.01s | ETA: 0.1m
2025-11-01 10:03:34,571 |   Trial 157/300 | Shots: 5000 | Mean: 4967.1±214.4 | Time: 0.02s | ETA: 0.1m
2025-11-01 10:03:34,597 |   Trial 158/300 | Shots: 5000 | Mean: 4967.3±213.8 | Time: 0.03s | ETA: 0.1m
2025-11-01 10:03:34,608 |   Trial 159/300 | Shots: 5000 | Mean: 4967.5±213.1 | Time: 0.01s | ETA: 0.1m
2025-11-01 10:03:34,616 |   Trial 160/300 | Shots: 5000 | Mean: 4967.7±212.5 | Time: 0.01s | ETA: 0.1m
2025-11-01 10:03:34,642 |   Trial 161/300 | Shots: 5000 | Mean: 4967.9±211.8 | Time: 0.03s | ETA: 0.1m
2025-11-01 10:03:34,655 |   Trial 162/300 | Shots: 5000 | Mean: 4968.1±211.2 | Time: 0.01s | ETA: 0.1m
2025-11-01 10:03:34,674 |   Trial 163/300 | Shots: 5000 | Mean: 4968.3±210.5 | Time: 0.02s | ETA: 0.1m
2025-11-01 10:03:34,683 |   Trial 164/300 | Shots: 5000 | Mean: 4968.5±209.9 | Time: 0.01s | ETA: 0.1m
2025-11-01 10:03:34,695 |   Trial 165/300 | Shots: 5000 | Mean: 4968.7±209.3 | Time: 0.01s | ETA: 0.1m
2025-11-01 10:03:34,703 |   Trial 166/300 | Shots: 5000 | Mean: 4968.9±208.7 | Time: 0.01s | ETA: 0.1m
2025-11-01 10:03:34,711 |   Trial 167/300 | Shots: 5000 | Mean: 4969.1±208.1 | Time: 0.01s | ETA: 0.1m
2025-11-01 10:03:34,720 |   Trial 168/300 | Shots: 5000 | Mean: 4969.2±207.5 | Time: 0.01s | ETA: 0.1m
2025-11-01 10:03:34,750 |   Trial 169/300 | Shots: 5000 | Mean: 4969.4±206.9 | Time: 0.03s | ETA: 0.1m
2025-11-01 10:03:34,760 |   Trial 170/300 | Shots: 5000 | Mean: 4969.6±206.3 | Time: 0.01s | ETA: 0.1m
2025-11-01 10:03:34,768 |   Trial 171/300 | Shots: 5000 | Mean: 4969.8±205.7 | Time: 0.01s | ETA: 0.1m
2025-11-01 10:03:34,793 |   Trial 172/300 | Shots: 4352 | Mean: 4966.2±210.4 | Time: 0.02s | ETA: 0.1m
2025-11-01 10:03:34,809 |   Trial 173/300 | Shots: 5000 | Mean: 4966.4±209.8 | Time: 0.02s | ETA: 0.1m
2025-11-01 10:03:34,817 |   Trial 174/300 | Shots: 5000 | Mean: 4966.6±209.2 | Time: 0.01s | ETA: 0.1m
2025-11-01 10:03:34,831 |   Trial 175/300 | Shots: 5000 | Mean: 4966.8±208.6 | Time: 0.01s | ETA: 0.1m
2025-11-01 10:03:34,868 |   Trial 176/300 | Shots: 5000 | Mean: 4967.0±208.0 | Time: 0.04s | ETA: 0.1m
2025-11-01 10:03:34,884 |   Trial 177/300 | Shots: 5000 | Mean: 4967.1±207.5 | Time: 0.02s | ETA: 0.1m
2025-11-01 10:03:34,900 |   Trial 178/300 | Shots: 5000 | Mean: 4967.3±206.9 | Time: 0.02s | ETA: 0.1m
2025-11-01 10:03:34,909 |   Trial 179/300 | Shots: 5120 | Mean: 4968.2±206.6 | Time: 0.01s | ETA: 0.1m
2025-11-01 10:03:34,917 |   Trial 180/300 | Shots: 5000 | Mean: 4968.4±206.1 | Time: 0.01s | ETA: 0.1m
2025-11-01 10:03:34,926 |   Trial 181/300 | Shots: 5000 | Mean: 4968.5±205.5 | Time: 0.01s | ETA: 0.1m
2025-11-01 10:03:34,934 |   Trial 182/300 | Shots: 5000 | Mean: 4968.7±205.0 | Time: 0.01s | ETA: 0.1m
2025-11-01 10:03:34,943 |   Trial 183/300 | Shots: 5000 | Mean: 4968.9±204.4 | Time: 0.01s | ETA: 0.1m
2025-11-01 10:03:34,952 |   Trial 184/300 | Shots: 5000 | Mean: 4969.0±203.9 | Time: 0.01s | ETA: 0.1m
2025-11-01 10:03:34,973 |   Trial 185/300 | Shots: 5000 | Mean: 4969.2±203.3 | Time: 0.02s | ETA: 0.1m
2025-11-01 10:03:34,992 |   Trial 186/300 | Shots: 5000 | Mean: 4969.4±202.8 | Time: 0.02s | ETA: 0.1m
2025-11-01 10:03:35,004 |   Trial 187/300 | Shots: 5000 | Mean: 4969.5±202.3 | Time: 0.01s | ETA: 0.1m
2025-11-01 10:03:35,013 |   Trial 188/300 | Shots: 5000 | Mean: 4969.7±201.7 | Time: 0.01s | ETA: 0.0m
2025-11-01 10:03:35,021 |   Trial 189/300 | Shots: 5000 | Mean: 4969.9±201.2 | Time: 0.01s | ETA: 0.0m
2025-11-01 10:03:35,036 |   Trial 190/300 | Shots: 5000 | Mean: 4970.0±200.7 | Time: 0.01s | ETA: 0.0m
2025-11-01 10:03:35,047 |   Trial 191/300 | Shots: 5000 | Mean: 4970.2±200.2 | Time: 0.01s | ETA: 0.0m
2025-11-01 10:03:35,055 |   Trial 192/300 | Shots: 5000 | Mean: 4970.3±199.7 | Time: 0.01s | ETA: 0.0m
2025-11-01 10:03:35,075 |   Trial 193/300 | Shots: 5000 | Mean: 4970.5±199.2 | Time: 0.02s | ETA: 0.0m
2025-11-01 10:03:35,087 |   Trial 194/300 | Shots: 5000 | Mean: 4970.6±198.7 | Time: 0.01s | ETA: 0.0m
2025-11-01 10:03:35,095 |   Trial 195/300 | Shots: 5000 | Mean: 4970.8±198.2 | Time: 0.01s | ETA: 0.0m
2025-11-01 10:03:35,103 |   Trial 196/300 | Shots: 5000 | Mean: 4970.9±197.7 | Time: 0.01s | ETA: 0.0m
2025-11-01 10:03:35,111 |   Trial 197/300 | Shots: 5000 | Mean: 4971.1±197.2 | Time: 0.01s | ETA: 0.0m
2025-11-01 10:03:35,118 |   Trial 198/300 | Shots: 5000 | Mean: 4971.2±196.7 | Time: 0.01s | ETA: 0.0m
2025-11-01 10:03:35,126 |   Trial 199/300 | Shots: 5000 | Mean: 4971.4±196.2 | Time: 0.01s | ETA: 0.0m
2025-11-01 10:03:35,135 |   Trial 200/300 | Shots: 5000 | Mean: 4971.5±195.7 | Time: 0.01s | ETA: 0.0m
2025-11-01 10:03:35,151 |   Trial 201/300 | Shots: 5000 | Mean: 4971.7±195.2 | Time: 0.02s | ETA: 0.0m
2025-11-01 10:03:35,160 |   Trial 202/300 | Shots: 5000 | Mean: 4971.8±194.8 | Time: 0.01s | ETA: 0.0m
2025-11-01 10:03:35,172 |   Trial 203/300 | Shots: 5000 | Mean: 4971.9±194.3 | Time: 0.01s | ETA: 0.0m
2025-11-01 10:03:35,181 |   Trial 204/300 | Shots: 5000 | Mean: 4972.1±193.8 | Time: 0.01s | ETA: 0.0m
2025-11-01 10:03:35,200 |   Trial 205/300 | Shots: 5000 | Mean: 4972.2±193.4 | Time: 0.02s | ETA: 0.0m
2025-11-01 10:03:35,213 |   Trial 206/300 | Shots: 5000 | Mean: 4972.3±192.9 | Time: 0.01s | ETA: 0.0m
2025-11-01 10:03:35,227 |   Trial 207/300 | Shots: 5000 | Mean: 4972.5±192.5 | Time: 0.01s | ETA: 0.0m
2025-11-01 10:03:35,236 |   Trial 208/300 | Shots: 5000 | Mean: 4972.6±192.0 | Time: 0.01s | ETA: 0.0m
2025-11-01 10:03:35,270 |   Trial 209/300 | Shots: 5000 | Mean: 4972.7±191.6 | Time: 0.03s | ETA: 0.0m
2025-11-01 10:03:35,295 |   Trial 210/300 | Shots: 5000 | Mean: 4972.9±191.1 | Time: 0.03s | ETA: 0.0m
2025-11-01 10:03:35,313 |   Trial 211/300 | Shots: 5000 | Mean: 4973.0±190.7 | Time: 0.02s | ETA: 0.0m
2025-11-01 10:03:35,331 |   Trial 212/300 | Shots: 5000 | Mean: 4973.1±190.2 | Time: 0.02s | ETA: 0.0m
2025-11-01 10:03:35,353 |   Trial 213/300 | Shots: 5000 | Mean: 4973.3±189.8 | Time: 0.02s | ETA: 0.0m
2025-11-01 10:03:35,384 |   Trial 214/300 | Shots: 5000 | Mean: 4973.4±189.3 | Time: 0.03s | ETA: 0.0m
2025-11-01 10:03:35,406 |   Trial 215/300 | Shots: 5000 | Mean: 4973.5±188.9 | Time: 0.02s | ETA: 0.0m
2025-11-01 10:03:35,418 |   Trial 216/300 | Shots: 5000 | Mean: 4973.6±188.5 | Time: 0.01s | ETA: 0.0m
2025-11-01 10:03:35,435 |   Trial 217/300 | Shots: 5000 | Mean: 4973.8±188.1 | Time: 0.02s | ETA: 0.0m
2025-11-01 10:03:35,458 |   Trial 218/300 | Shots: 5000 | Mean: 4973.9±187.6 | Time: 0.02s | ETA: 0.0m
2025-11-01 10:03:35,483 |   Trial 219/300 | Shots: 5000 | Mean: 4974.0±187.2 | Time: 0.03s | ETA: 0.0m
2025-11-01 10:03:35,497 |   Trial 220/300 | Shots: 5000 | Mean: 4974.1±186.8 | Time: 0.01s | ETA: 0.0m
2025-11-01 10:03:35,512 |   Trial 221/300 | Shots: 5000 | Mean: 4974.2±186.4 | Time: 0.01s | ETA: 0.0m
2025-11-01 10:03:35,521 |   Trial 222/300 | Shots: 5000 | Mean: 4974.3±186.0 | Time: 0.01s | ETA: 0.0m
2025-11-01 10:03:35,546 |   Trial 223/300 | Shots: 5000 | Mean: 4974.5±185.6 | Time: 0.02s | ETA: 0.0m
2025-11-01 10:03:35,568 |   Trial 224/300 | Shots: 5000 | Mean: 4974.6±185.2 | Time: 0.02s | ETA: 0.0m
2025-11-01 10:03:35,589 |   Trial 225/300 | Shots: 5000 | Mean: 4974.7±184.7 | Time: 0.02s | ETA: 0.0m
2025-11-01 10:03:35,602 |   Trial 226/300 | Shots: 5000 | Mean: 4974.8±184.3 | Time: 0.01s | ETA: 0.0m
2025-11-01 10:03:35,611 |   Trial 227/300 | Shots: 5000 | Mean: 4974.9±183.9 | Time: 0.01s | ETA: 0.0m
2025-11-01 10:03:35,620 |   Trial 228/300 | Shots: 5000 | Mean: 4975.0±183.6 | Time: 0.01s | ETA: 0.0m
2025-11-01 10:03:35,639 |   Trial 229/300 | Shots: 5000 | Mean: 4975.1±183.2 | Time: 0.02s | ETA: 0.0m
2025-11-01 10:03:35,678 |   Trial 230/300 | Shots: 5000 | Mean: 4975.2±182.8 | Time: 0.04s | ETA: 0.0m
2025-11-01 10:03:35,701 |   Trial 231/300 | Shots: 5000 | Mean: 4975.3±182.4 | Time: 0.02s | ETA: 0.0m
2025-11-01 10:03:35,709 |   Trial 232/300 | Shots: 5000 | Mean: 4975.4±182.0 | Time: 0.01s | ETA: 0.0m
2025-11-01 10:03:35,718 |   Trial 233/300 | Shots: 5000 | Mean: 4975.6±181.6 | Time: 0.01s | ETA: 0.0m
2025-11-01 10:03:35,735 |   Trial 234/300 | Shots: 5000 | Mean: 4975.7±181.2 | Time: 0.02s | ETA: 0.0m
2025-11-01 10:03:35,758 |   Trial 235/300 | Shots: 5000 | Mean: 4975.8±180.8 | Time: 0.02s | ETA: 0.0m
2025-11-01 10:03:35,772 |   Trial 236/300 | Shots: 2816 | Mean: 4966.6±228.6 | Time: 0.01s | ETA: 0.0m
2025-11-01 10:03:35,803 |   Trial 237/300 | Shots: 5000 | Mean: 4966.8±228.1 | Time: 0.03s | ETA: 0.0m
2025-11-01 10:03:35,817 |   Trial 238/300 | Shots: 5000 | Mean: 4966.9±227.6 | Time: 0.01s | ETA: 0.0m
2025-11-01 10:03:35,841 |   Trial 239/300 | Shots: 5000 | Mean: 4967.0±227.2 | Time: 0.02s | ETA: 0.0m
2025-11-01 10:03:35,864 |   Trial 240/300 | Shots: 5000 | Mean: 4967.2±226.7 | Time: 0.02s | ETA: 0.0m
2025-11-01 10:03:35,881 |   Trial 241/300 | Shots: 5000 | Mean: 4967.3±226.2 | Time: 0.02s | ETA: 0.0m
2025-11-01 10:03:35,906 |   Trial 242/300 | Shots: 5000 | Mean: 4967.4±225.8 | Time: 0.03s | ETA: 0.0m
2025-11-01 10:03:35,920 |   Trial 243/300 | Shots: 5000 | Mean: 4967.6±225.3 | Time: 0.01s | ETA: 0.0m
2025-11-01 10:03:35,956 |   Trial 244/300 | Shots: 5000 | Mean: 4967.7±224.9 | Time: 0.04s | ETA: 0.0m
2025-11-01 10:03:35,991 |   Trial 245/300 | Shots: 5000 | Mean: 4967.8±224.4 | Time: 0.03s | ETA: 0.0m
2025-11-01 10:03:36,009 |   Trial 246/300 | Shots: 5000 | Mean: 4968.0±224.0 | Time: 0.02s | ETA: 0.0m
2025-11-01 10:03:36,015 |   Trial 247/300 | Shots: 3072 | Mean: 4960.3±253.9 | Time: 0.01s | ETA: 0.0m
2025-11-01 10:03:36,045 |   Trial 248/300 | Shots: 5000 | Mean: 4960.5±253.4 | Time: 0.03s | ETA: 0.0m
2025-11-01 10:03:36,094 |   Trial 249/300 | Shots: 5000 | Mean: 4960.6±252.9 | Time: 0.05s | ETA: 0.0m
2025-11-01 10:03:36,113 |   Trial 250/300 | Shots: 5000 | Mean: 4960.8±252.4 | Time: 0.02s | ETA: 0.0m
2025-11-01 10:03:36,140 |   Trial 251/300 | Shots: 5000 | Mean: 4960.9±251.9 | Time: 0.03s | ETA: 0.0m
2025-11-01 10:03:36,177 |   Trial 252/300 | Shots: 5120 | Mean: 4961.6±251.6 | Time: 0.04s | ETA: 0.0m
2025-11-01 10:03:36,208 |   Trial 253/300 | Shots: 5000 | Mean: 4961.7±251.1 | Time: 0.03s | ETA: 0.0m
2025-11-01 10:03:36,217 |   Trial 254/300 | Shots: 5000 | Mean: 4961.9±250.6 | Time: 0.01s | ETA: 0.0m
2025-11-01 10:03:36,250 |   Trial 255/300 | Shots: 5000 | Mean: 4962.0±250.2 | Time: 0.03s | ETA: 0.0m
2025-11-01 10:03:36,294 |   Trial 256/300 | Shots: 5000 | Mean: 4962.2±249.7 | Time: 0.04s | ETA: 0.0m
2025-11-01 10:03:36,313 |   Trial 257/300 | Shots: 5000 | Mean: 4962.3±249.2 | Time: 0.02s | ETA: 0.0m
2025-11-01 10:03:36,323 |   Trial 258/300 | Shots: 5000 | Mean: 4962.4±248.7 | Time: 0.01s | ETA: 0.0m
2025-11-01 10:03:36,332 |   Trial 259/300 | Shots: 5000 | Mean: 4962.6±248.3 | Time: 0.01s | ETA: 0.0m
2025-11-01 10:03:36,350 |   Trial 260/300 | Shots: 5000 | Mean: 4962.7±247.8 | Time: 0.02s | ETA: 0.0m
2025-11-01 10:03:36,385 |   Trial 261/300 | Shots: 5000 | Mean: 4962.9±247.3 | Time: 0.03s | ETA: 0.0m
2025-11-01 10:03:36,408 |   Trial 262/300 | Shots: 5000 | Mean: 4963.0±246.9 | Time: 0.02s | ETA: 0.0m
2025-11-01 10:03:36,417 |   Trial 263/300 | Shots: 5000 | Mean: 4963.2±246.4 | Time: 0.01s | ETA: 0.0m
2025-11-01 10:03:36,450 |   Trial 264/300 | Shots: 5000 | Mean: 4963.3±246.0 | Time: 0.03s | ETA: 0.0m
2025-11-01 10:03:36,486 |   Trial 265/300 | Shots: 5000 | Mean: 4963.4±245.5 | Time: 0.04s | ETA: 0.0m
2025-11-01 10:03:36,515 |   Trial 266/300 | Shots: 5000 | Mean: 4963.6±245.0 | Time: 0.03s | ETA: 0.0m
2025-11-01 10:03:36,541 |   Trial 267/300 | Shots: 5000 | Mean: 4963.7±244.6 | Time: 0.03s | ETA: 0.0m
2025-11-01 10:03:36,601 |   Trial 268/300 | Shots: 5000 | Mean: 4963.9±244.1 | Time: 0.06s | ETA: 0.0m
2025-11-01 10:03:36,618 |   Trial 269/300 | Shots: 5000 | Mean: 4964.0±243.7 | Time: 0.02s | ETA: 0.0m
2025-11-01 10:03:36,658 |   Trial 270/300 | Shots: 5000 | Mean: 4964.1±243.3 | Time: 0.04s | ETA: 0.0m
2025-11-01 10:03:36,707 |   Trial 271/300 | Shots: 5000 | Mean: 4964.3±242.8 | Time: 0.05s | ETA: 0.0m
2025-11-01 10:03:36,730 |   Trial 272/300 | Shots: 5000 | Mean: 4964.4±242.4 | Time: 0.02s | ETA: 0.0m
2025-11-01 10:03:36,786 |   Trial 273/300 | Shots: 5000 | Mean: 4964.5±242.0 | Time: 0.06s | ETA: 0.0m
2025-11-01 10:03:36,817 |   Trial 274/300 | Shots: 5000 | Mean: 4964.6±241.5 | Time: 0.03s | ETA: 0.0m
2025-11-01 10:03:36,843 |   Trial 275/300 | Shots: 5000 | Mean: 4964.8±241.1 | Time: 0.03s | ETA: 0.0m
2025-11-01 10:03:36,853 |   Trial 276/300 | Shots: 5000 | Mean: 4964.9±240.7 | Time: 0.01s | ETA: 0.0m
2025-11-01 10:03:36,899 |   Trial 277/300 | Shots: 5000 | Mean: 4965.0±240.2 | Time: 0.05s | ETA: 0.0m
2025-11-01 10:03:36,912 |   Trial 278/300 | Shots: 5000 | Mean: 4965.2±239.8 | Time: 0.01s | ETA: 0.0m
2025-11-01 10:03:36,951 |   Trial 279/300 | Shots: 5000 | Mean: 4965.3±239.4 | Time: 0.04s | ETA: 0.0m
2025-11-01 10:03:36,981 |   Trial 280/300 | Shots: 5000 | Mean: 4965.4±239.0 | Time: 0.03s | ETA: 0.0m
2025-11-01 10:03:37,010 |   Trial 281/300 | Shots: 5000 | Mean: 4965.5±238.6 | Time: 0.03s | ETA: 0.0m
2025-11-01 10:03:37,019 |   Trial 282/300 | Shots: 4864 | Mean: 4965.2±238.2 | Time: 0.01s | ETA: 0.0m
2025-11-01 10:03:37,075 |   Trial 283/300 | Shots: 5000 | Mean: 4965.3±237.8 | Time: 0.06s | ETA: 0.0m
2025-11-01 10:03:37,108 |   Trial 284/300 | Shots: 5000 | Mean: 4965.4±237.4 | Time: 0.03s | ETA: 0.0m
2025-11-01 10:03:37,145 |   Trial 285/300 | Shots: 5000 | Mean: 4965.5±237.0 | Time: 0.04s | ETA: 0.0m
2025-11-01 10:03:37,188 |   Trial 286/300 | Shots: 5000 | Mean: 4965.7±236.6 | Time: 0.04s | ETA: 0.0m
2025-11-01 10:03:37,200 |   Trial 287/300 | Shots: 5000 | Mean: 4965.8±236.2 | Time: 0.01s | ETA: 0.0m
2025-11-01 10:03:37,213 |   Trial 288/300 | Shots: 5000 | Mean: 4965.9±235.8 | Time: 0.01s | ETA: 0.0m
2025-11-01 10:03:37,227 |   Trial 289/300 | Shots: 5000 | Mean: 4966.0±235.4 | Time: 0.01s | ETA: 0.0m
2025-11-01 10:03:37,287 |   Trial 290/300 | Shots: 5000 | Mean: 4966.1±235.0 | Time: 0.06s | ETA: 0.0m
2025-11-01 10:03:37,306 |   Trial 291/300 | Shots: 3072 | Mean: 4959.6±259.4 | Time: 0.02s | ETA: 0.0m
2025-11-01 10:03:37,315 |   Trial 292/300 | Shots: 5000 | Mean: 4959.8±259.0 | Time: 0.01s | ETA: 0.0m
2025-11-01 10:03:37,325 |   Trial 293/300 | Shots: 5000 | Mean: 4959.9±258.6 | Time: 0.01s | ETA: 0.0m
2025-11-01 10:03:37,362 |   Trial 294/300 | Shots: 5000 | Mean: 4960.0±258.1 | Time: 0.04s | ETA: 0.0m
2025-11-01 10:03:37,399 |   Trial 295/300 | Shots: 5000 | Mean: 4960.2±257.7 | Time: 0.04s | ETA: 0.0m
2025-11-01 10:03:37,409 |   Trial 296/300 | Shots: 5000 | Mean: 4960.3±257.3 | Time: 0.01s | ETA: 0.0m
2025-11-01 10:03:37,420 |   Trial 297/300 | Shots: 5000 | Mean: 4960.4±256.9 | Time: 0.01s | ETA: 0.0m
2025-11-01 10:03:37,454 |   Trial 298/300 | Shots: 5000 | Mean: 4960.6±256.4 | Time: 0.03s | ETA: 0.0m
2025-11-01 10:03:37,482 |   Trial 299/300 | Shots: 5000 | Mean: 4960.7±256.0 | Time: 0.03s | ETA: 0.0m
2025-11-01 10:03:37,495 |   Trial 300/300 | Shots: 5000 | Mean: 4960.8±255.6 | Time: 0.01s | ETA: 0.0m
2025-11-01 10:03:37,495 |   FINAL — Mean shots (uniform): 4960.8 ± 255.6
2025-11-01 10:03:37,495 | 
Running VRA prior trials...
2025-11-01 10:03:37,499 |   Trial   1/300 | Shots:  512 | Mean: 512.0±0.0 | Time: 0.00s | ETA: 0.0m
2025-11-01 10:03:37,501 |   Trial   2/300 | Shots:  768 | Mean: 640.0±128.0 | Time: 0.00s | ETA: 0.0m
2025-11-01 10:03:37,503 |   Trial   3/300 | Shots:  768 | Mean: 682.7±120.7 | Time: 0.00s | ETA: 0.0m
2025-11-01 10:03:37,507 |   Trial   4/300 | Shots: 1792 | Mean: 960.0±491.6 | Time: 0.00s | ETA: 0.0m
2025-11-01 10:03:37,509 |   Trial   5/300 | Shots:  768 | Mean: 921.6±446.4 | Time: 0.00s | ETA: 0.0m
2025-11-01 10:03:37,510 |   Trial   6/300 | Shots:  512 | Mean: 853.3±435.1 | Time: 0.00s | ETA: 0.0m
2025-11-01 10:03:37,516 |   Trial   7/300 | Shots: 2304 | Mean: 1060.6±648.0 | Time: 0.01s | ETA: 0.0m
2025-11-01 10:03:37,516 |   Trial   8/300 | Shots:  256 | Mean: 960.0±662.0 | Time: 0.00s | ETA: 0.0m
2025-11-01 10:03:37,524 |   Trial   9/300 | Shots: 2048 | Mean: 1080.9±711.7 | Time: 0.01s | ETA: 0.0m
2025-11-01 10:03:37,531 |   Trial  10/300 | Shots: 1280 | Mean: 1100.8±677.8 | Time: 0.01s | ETA: 0.0m
2025-11-01 10:03:37,537 |   Trial  11/300 | Shots:  512 | Mean: 1047.3±668.1 | Time: 0.01s | ETA: 0.0m
2025-11-01 10:03:37,554 |   Trial  12/300 | Shots: 3328 | Mean: 1237.3±898.0 | Time: 0.02s | ETA: 0.0m
2025-11-01 10:03:37,563 |   Trial  13/300 | Shots: 1024 | Mean: 1220.9±864.7 | Time: 0.01s | ETA: 0.0m
2025-11-01 10:03:37,569 |   Trial  14/300 | Shots:  768 | Mean: 1188.6±841.3 | Time: 0.01s | ETA: 0.0m
2025-11-01 10:03:37,570 |   Trial  15/300 | Shots:  512 | Mean: 1143.5±830.1 | Time: 0.00s | ETA: 0.0m
2025-11-01 10:03:37,572 |   Trial  16/300 | Shots: 1024 | Mean: 1136.0±804.3 | Time: 0.00s | ETA: 0.0m
2025-11-01 10:03:37,574 |   Trial  17/300 | Shots:  768 | Mean: 1114.4±785.1 | Time: 0.00s | ETA: 0.0m
2025-11-01 10:03:37,584 |   Trial  18/300 | Shots: 2816 | Mean: 1208.9±856.8 | Time: 0.01s | ETA: 0.0m
2025-11-01 10:03:37,585 |   Trial  19/300 | Shots:  256 | Mean: 1158.7±860.6 | Time: 0.00s | ETA: 0.0m
2025-11-01 10:03:37,590 |   Trial  20/300 | Shots: 1792 | Mean: 1190.4±850.1 | Time: 0.01s | ETA: 0.0m
2025-11-01 10:03:37,593 |   Trial  21/300 | Shots:  768 | Mean: 1170.3±834.5 | Time: 0.00s | ETA: 0.0m
2025-11-01 10:03:37,595 |   Trial  22/300 | Shots: 1024 | Mean: 1163.6±815.9 | Time: 0.00s | ETA: 0.0m
2025-11-01 10:03:37,609 |   Trial  23/300 | Shots: 5000 | Mean: 1330.4±1117.5 | Time: 0.01s | ETA: 0.0m
2025-11-01 10:03:37,611 |   Trial  24/300 | Shots:  768 | Mean: 1307.0±1099.7 | Time: 0.00s | ETA: 0.0m
2025-11-01 10:03:37,613 |   Trial  25/300 | Shots: 1024 | Mean: 1295.7±1078.9 | Time: 0.00s | ETA: 0.0m
2025-11-01 10:03:37,614 |   Trial  26/300 | Shots:  256 | Mean: 1255.7±1076.7 | Time: 0.00s | ETA: 0.0m
2025-11-01 10:03:37,615 |   Trial  27/300 | Shots:  512 | Mean: 1228.1±1065.9 | Time: 0.00s | ETA: 0.0m
2025-11-01 10:03:37,616 |   Trial  28/300 | Shots:  768 | Mean: 1211.7±1050.1 | Time: 0.00s | ETA: 0.0m
2025-11-01 10:03:37,618 |   Trial  29/300 | Shots: 1024 | Mean: 1205.2±1032.4 | Time: 0.00s | ETA: 0.0m
2025-11-01 10:03:37,633 |   Trial  30/300 | Shots: 3328 | Mean: 1276.0±1084.3 | Time: 0.01s | ETA: 0.0m
2025-11-01 10:03:37,672 |   Trial  31/300 | Shots: 5000 | Mean: 1396.1±1253.2 | Time: 0.04s | ETA: 0.0m
2025-11-01 10:03:37,677 |   Trial  32/300 | Shots:  768 | Mean: 1376.5±1238.3 | Time: 0.01s | ETA: 0.0m
2025-11-01 10:03:37,680 |   Trial  33/300 | Shots:  768 | Mean: 1358.1±1223.9 | Time: 0.00s | ETA: 0.0m
2025-11-01 10:03:37,685 |   Trial  34/300 | Shots:  512 | Mean: 1333.2±1214.2 | Time: 0.00s | ETA: 0.0m
2025-11-01 10:03:37,708 |   Trial  35/300 | Shots: 4864 | Mean: 1434.1±1333.5 | Time: 0.02s | ETA: 0.0m
2025-11-01 10:03:37,713 |   Trial  36/300 | Shots: 2816 | Mean: 1472.4±1334.3 | Time: 0.01s | ETA: 0.0m
2025-11-01 10:03:37,716 |   Trial  37/300 | Shots: 1792 | Mean: 1481.1±1317.2 | Time: 0.00s | ETA: 0.0m
2025-11-01 10:03:37,746 |   Trial  38/300 | Shots: 5000 | Mean: 1573.7±1416.5 | Time: 0.03s | ETA: 0.0m
2025-11-01 10:03:37,755 |   Trial  39/300 | Shots: 1024 | Mean: 1559.6±1400.9 | Time: 0.01s | ETA: 0.0m
2025-11-01 10:03:37,758 |   Trial  40/300 | Shots:  512 | Mean: 1533.4±1393.0 | Time: 0.00s | ETA: 0.0m
2025-11-01 10:03:37,761 |   Trial  41/300 | Shots:  768 | Mean: 1514.7±1380.9 | Time: 0.00s | ETA: 0.0m
2025-11-01 10:03:37,789 |   Trial  42/300 | Shots: 3328 | Mean: 1557.9±1392.1 | Time: 0.03s | ETA: 0.0m
2025-11-01 10:03:37,792 |   Trial  43/300 | Shots:  512 | Mean: 1533.6±1384.8 | Time: 0.00s | ETA: 0.0m
2025-11-01 10:03:37,796 |   Trial  44/300 | Shots: 1536 | Mean: 1533.6±1369.0 | Time: 0.00s | ETA: 0.0m
2025-11-01 10:03:37,799 |   Trial  45/300 | Shots: 1024 | Mean: 1522.3±1355.8 | Time: 0.00s | ETA: 0.0m
2025-11-01 10:03:37,803 |   Trial  46/300 | Shots: 1536 | Mean: 1522.6±1341.0 | Time: 0.00s | ETA: 0.0m
2025-11-01 10:03:37,803 |   Trial  47/300 | Shots:  256 | Mean: 1495.7±1339.2 | Time: 0.00s | ETA: 0.0m
2025-11-01 10:03:37,806 |   Trial  48/300 | Shots:  512 | Mean: 1475.2±1332.6 | Time: 0.00s | ETA: 0.0m
2025-11-01 10:03:37,810 |   Trial  49/300 | Shots: 1792 | Mean: 1481.6±1319.7 | Time: 0.00s | ETA: 0.0m
2025-11-01 10:03:37,811 |   Trial  50/300 | Shots:  512 | Mean: 1462.2±1313.4 | Time: 0.00s | ETA: 0.0m
2025-11-01 10:03:37,812 |   Trial  51/300 | Shots:  768 | Mean: 1448.6±1304.0 | Time: 0.00s | ETA: 0.0m
2025-11-01 10:03:37,816 |   Trial  52/300 | Shots: 1792 | Mean: 1455.2±1292.3 | Time: 0.00s | ETA: 0.0m
2025-11-01 10:03:37,817 |   Trial  53/300 | Shots:  512 | Mean: 1437.4±1286.5 | Time: 0.00s | ETA: 0.0m
2025-11-01 10:03:37,818 |   Trial  54/300 | Shots:  768 | Mean: 1425.0±1277.7 | Time: 0.00s | ETA: 0.0m
2025-11-01 10:03:37,819 |   Trial  55/300 | Shots:  512 | Mean: 1408.4±1271.9 | Time: 0.00s | ETA: 0.0m
2025-11-01 10:03:37,832 |   Trial  56/300 | Shots: 5000 | Mean: 1472.6±1347.2 | Time: 0.01s | ETA: 0.0m
2025-11-01 10:03:37,839 |   Trial  57/300 | Shots: 3584 | Mean: 1509.6±1363.8 | Time: 0.01s | ETA: 0.0m
2025-11-01 10:03:37,841 |   Trial  58/300 | Shots: 1280 | Mean: 1505.7±1352.4 | Time: 0.00s | ETA: 0.0m
2025-11-01 10:03:37,843 |   Trial  59/300 | Shots: 1024 | Mean: 1497.5±1342.3 | Time: 0.00s | ETA: 0.0m
2025-11-01 10:03:37,847 |   Trial  60/300 | Shots: 2048 | Mean: 1506.7±1332.9 | Time: 0.00s | ETA: 0.0m
2025-11-01 10:03:37,850 |   Trial  61/300 | Shots: 1792 | Mean: 1511.3±1322.4 | Time: 0.00s | ETA: 0.0m
2025-11-01 10:03:37,853 |   Trial  62/300 | Shots:  512 | Mean: 1495.2±1317.8 | Time: 0.00s | ETA: 0.0m
2025-11-01 10:03:37,859 |   Trial  63/300 | Shots: 1024 | Mean: 1487.7±1308.6 | Time: 0.01s | ETA: 0.0m
2025-11-01 10:03:37,867 |   Trial  64/300 | Shots: 1536 | Mean: 1488.5±1298.3 | Time: 0.01s | ETA: 0.0m
2025-11-01 10:03:37,872 |   Trial  65/300 | Shots: 1024 | Mean: 1481.4±1289.6 | Time: 0.01s | ETA: 0.0m
2025-11-01 10:03:37,879 |   Trial  66/300 | Shots:  768 | Mean: 1470.5±1282.7 | Time: 0.01s | ETA: 0.0m
2025-11-01 10:03:37,886 |   Trial  67/300 | Shots:  512 | Mean: 1456.2±1278.4 | Time: 0.01s | ETA: 0.0m
2025-11-01 10:03:37,916 |   Trial  68/300 | Shots: 5000 | Mean: 1508.4±1338.8 | Time: 0.03s | ETA: 0.0m
2025-11-01 10:03:37,917 |   Trial  69/300 | Shots:  256 | Mean: 1490.2±1337.4 | Time: 0.00s | ETA: 0.0m
2025-11-01 10:03:37,936 |   Trial  70/300 | Shots: 4096 | Mean: 1527.4±1363.4 | Time: 0.02s | ETA: 0.0m
2025-11-01 10:03:37,938 |   Trial  71/300 | Shots:  256 | Mean: 1509.5±1362.0 | Time: 0.00s | ETA: 0.0m
2025-11-01 10:03:37,945 |   Trial  72/300 | Shots: 2048 | Mean: 1517.0±1354.0 | Time: 0.01s | ETA: 0.0m
2025-11-01 10:03:37,966 |   Trial  73/300 | Shots: 2048 | Mean: 1524.3±1346.1 | Time: 0.02s | ETA: 0.0m
2025-11-01 10:03:37,986 |   Trial  74/300 | Shots: 2304 | Mean: 1534.8±1340.0 | Time: 0.02s | ETA: 0.0m
2025-11-01 10:03:37,988 |   Trial  75/300 | Shots: 1024 | Mean: 1528.0±1332.3 | Time: 0.00s | ETA: 0.0m
2025-11-01 10:03:37,991 |   Trial  76/300 | Shots: 1280 | Mean: 1524.7±1323.8 | Time: 0.00s | ETA: 0.0m
2025-11-01 10:03:37,998 |   Trial  77/300 | Shots:  768 | Mean: 1514.9±1318.0 | Time: 0.01s | ETA: 0.0m
2025-11-01 10:03:38,005 |   Trial  78/300 | Shots: 1280 | Mean: 1511.9±1309.8 | Time: 0.01s | ETA: 0.0m
2025-11-01 10:03:38,014 |   Trial  79/300 | Shots: 1792 | Mean: 1515.4±1301.8 | Time: 0.01s | ETA: 0.0m
2025-11-01 10:03:38,017 |   Trial  80/300 | Shots: 1536 | Mean: 1515.7±1293.7 | Time: 0.00s | ETA: 0.0m
2025-11-01 10:03:38,022 |   Trial  81/300 | Shots: 2816 | Mean: 1531.8±1293.7 | Time: 0.01s | ETA: 0.0m
2025-11-01 10:03:38,031 |   Trial  82/300 | Shots: 1024 | Mean: 1525.6±1287.0 | Time: 0.01s | ETA: 0.0m
2025-11-01 10:03:38,035 |   Trial  83/300 | Shots: 1024 | Mean: 1519.5±1280.3 | Time: 0.00s | ETA: 0.0m
2025-11-01 10:03:38,038 |   Trial  84/300 | Shots:  768 | Mean: 1510.6±1275.3 | Time: 0.00s | ETA: 0.0m
2025-11-01 10:03:38,039 |   Trial  85/300 | Shots:  256 | Mean: 1495.8±1275.0 | Time: 0.00s | ETA: 0.0m
2025-11-01 10:03:38,058 |   Trial  86/300 | Shots: 3072 | Mean: 1514.1±1278.8 | Time: 0.02s | ETA: 0.0m
2025-11-01 10:03:38,069 |   Trial  87/300 | Shots: 2816 | Mean: 1529.1±1278.9 | Time: 0.01s | ETA: 0.0m
2025-11-01 10:03:38,072 |   Trial  88/300 | Shots:  512 | Mean: 1517.5±1276.2 | Time: 0.00s | ETA: 0.0m
2025-11-01 10:03:38,107 |   Trial  89/300 | Shots: 5000 | Mean: 1556.7±1321.0 | Time: 0.03s | ETA: 0.0m
2025-11-01 10:03:38,113 |   Trial  90/300 | Shots: 3584 | Mean: 1579.2±1330.8 | Time: 0.01s | ETA: 0.0m
2025-11-01 10:03:38,114 |   Trial  91/300 | Shots:  512 | Mean: 1567.5±1328.1 | Time: 0.00s | ETA: 0.0m
2025-11-01 10:03:38,115 |   Trial  92/300 | Shots:  512 | Mean: 1556.0±1325.4 | Time: 0.00s | ETA: 0.0m
2025-11-01 10:03:38,119 |   Trial  93/300 | Shots: 2048 | Mean: 1561.3±1319.2 | Time: 0.00s | ETA: 0.0m
2025-11-01 10:03:38,120 |   Trial  94/300 | Shots:  512 | Mean: 1550.1±1316.6 | Time: 0.00s | ETA: 0.0m
2025-11-01 10:03:38,128 |   Trial  95/300 | Shots: 1024 | Mean: 1544.6±1310.7 | Time: 0.01s | ETA: 0.0m
2025-11-01 10:03:38,132 |   Trial  96/300 | Shots:  512 | Mean: 1533.8±1308.1 | Time: 0.00s | ETA: 0.0m
2025-11-01 10:03:38,146 |   Trial  97/300 | Shots: 1280 | Mean: 1531.2±1301.6 | Time: 0.01s | ETA: 0.0m
2025-11-01 10:03:38,162 |   Trial  98/300 | Shots: 2304 | Mean: 1539.1±1297.3 | Time: 0.02s | ETA: 0.0m
2025-11-01 10:03:38,176 |   Trial  99/300 | Shots: 5000 | Mean: 1574.1±1336.3 | Time: 0.01s | ETA: 0.0m
2025-11-01 10:03:38,178 |   Trial 100/300 | Shots:  768 | Mean: 1566.0±1332.0 | Time: 0.00s | ETA: 0.0m
2025-11-01 10:03:38,180 |   Trial 101/300 | Shots: 1536 | Mean: 1565.7±1325.4 | Time: 0.00s | ETA: 0.0m
2025-11-01 10:03:38,186 |   Trial 102/300 | Shots: 3072 | Mean: 1580.5±1327.2 | Time: 0.01s | ETA: 0.0m
2025-11-01 10:03:38,186 |   Trial 103/300 | Shots:  256 | Mean: 1567.6±1327.1 | Time: 0.00s | ETA: 0.0m
2025-11-01 10:03:38,189 |   Trial 104/300 | Shots:  512 | Mean: 1557.5±1324.7 | Time: 0.00s | ETA: 0.0m
2025-11-01 10:03:38,194 |   Trial 105/300 | Shots: 2560 | Mean: 1567.0±1322.0 | Time: 0.01s | ETA: 0.0m
2025-11-01 10:03:38,201 |   Trial 106/300 | Shots: 3840 | Mean: 1588.5±1334.0 | Time: 0.01s | ETA: 0.0m
2025-11-01 10:03:38,205 |   Trial 107/300 | Shots:  768 | Mean: 1580.8±1330.1 | Time: 0.00s | ETA: 0.0m
2025-11-01 10:03:38,208 |   Trial 108/300 | Shots:  512 | Mean: 1570.9±1327.9 | Time: 0.00s | ETA: 0.0m
2025-11-01 10:03:38,214 |   Trial 109/300 | Shots: 3840 | Mean: 1591.7±1339.3 | Time: 0.01s | ETA: 0.0m
2025-11-01 10:03:38,215 |   Trial 110/300 | Shots:  256 | Mean: 1579.6±1339.2 | Time: 0.00s | ETA: 0.0m
2025-11-01 10:03:38,222 |   Trial 111/300 | Shots: 5000 | Mean: 1610.4±1371.8 | Time: 0.01s | ETA: 0.0m
2025-11-01 10:03:38,225 |   Trial 112/300 | Shots: 1536 | Mean: 1609.7±1365.7 | Time: 0.00s | ETA: 0.0m
2025-11-01 10:03:38,229 |   Trial 113/300 | Shots:  768 | Mean: 1602.3±1361.9 | Time: 0.00s | ETA: 0.0m
2025-11-01 10:03:38,230 |   Trial 114/300 | Shots:  256 | Mean: 1590.5±1361.7 | Time: 0.00s | ETA: 0.0m
2025-11-01 10:03:38,232 |   Trial 115/300 | Shots:  512 | Mean: 1581.1±1359.5 | Time: 0.00s | ETA: 0.0m
2025-11-01 10:03:38,236 |   Trial 116/300 | Shots:  768 | Mean: 1574.1±1355.7 | Time: 0.00s | ETA: 0.0m
2025-11-01 10:03:38,241 |   Trial 117/300 | Shots: 1024 | Mean: 1569.4±1350.9 | Time: 0.01s | ETA: 0.0m
2025-11-01 10:03:38,246 |   Trial 118/300 | Shots: 2048 | Mean: 1573.4±1345.8 | Time: 0.00s | ETA: 0.0m
2025-11-01 10:03:38,248 |   Trial 119/300 | Shots:  512 | Mean: 1564.5±1343.7 | Time: 0.00s | ETA: 0.0m
2025-11-01 10:03:38,254 |   Trial 120/300 | Shots: 1536 | Mean: 1564.3±1338.1 | Time: 0.01s | ETA: 0.0m
2025-11-01 10:03:38,259 |   Trial 121/300 | Shots: 1536 | Mean: 1564.0±1332.5 | Time: 0.00s | ETA: 0.0m
2025-11-01 10:03:38,261 |   Trial 122/300 | Shots:  512 | Mean: 1555.4±1330.4 | Time: 0.00s | ETA: 0.0m
2025-11-01 10:03:38,266 |   Trial 123/300 | Shots:  768 | Mean: 1549.0±1326.9 | Time: 0.00s | ETA: 0.0m
2025-11-01 10:03:38,273 |   Trial 124/300 | Shots: 1792 | Mean: 1551.0±1321.7 | Time: 0.01s | ETA: 0.0m
2025-11-01 10:03:38,274 |   Trial 125/300 | Shots:  512 | Mean: 1542.7±1319.7 | Time: 0.00s | ETA: 0.0m
2025-11-01 10:03:38,279 |   Trial 126/300 | Shots: 1280 | Mean: 1540.6±1314.6 | Time: 0.01s | ETA: 0.0m
2025-11-01 10:03:38,282 |   Trial 127/300 | Shots:  512 | Mean: 1532.5±1312.6 | Time: 0.00s | ETA: 0.0m
2025-11-01 10:03:38,285 |   Trial 128/300 | Shots: 1024 | Mean: 1528.5±1308.2 | Time: 0.00s | ETA: 0.0m
2025-11-01 10:03:38,293 |   Trial 129/300 | Shots: 3840 | Mean: 1546.4±1318.8 | Time: 0.01s | ETA: 0.0m
2025-11-01 10:03:38,298 |   Trial 130/300 | Shots:  512 | Mean: 1538.5±1316.8 | Time: 0.01s | ETA: 0.0m
2025-11-01 10:03:38,303 |   Trial 131/300 | Shots:  512 | Mean: 1530.6±1314.8 | Time: 0.01s | ETA: 0.0m
2025-11-01 10:03:38,306 |   Trial 132/300 | Shots:  256 | Mean: 1521.0±1314.5 | Time: 0.00s | ETA: 0.0m
2025-11-01 10:03:38,310 |   Trial 133/300 | Shots:  512 | Mean: 1513.4±1312.4 | Time: 0.00s | ETA: 0.0m
2025-11-01 10:03:38,313 |   Trial 134/300 | Shots:  256 | Mean: 1504.0±1312.0 | Time: 0.00s | ETA: 0.0m
2025-11-01 10:03:38,317 |   Trial 135/300 | Shots:  768 | Mean: 1498.5±1308.7 | Time: 0.00s | ETA: 0.0m
2025-11-01 10:03:38,318 |   Trial 136/300 | Shots:  256 | Mean: 1489.4±1308.2 | Time: 0.00s | ETA: 0.0m
2025-11-01 10:03:38,333 |   Trial 137/300 | Shots: 2048 | Mean: 1493.5±1304.2 | Time: 0.01s | ETA: 0.0m
2025-11-01 10:03:38,360 |   Trial 138/300 | Shots: 3328 | Mean: 1506.8±1308.8 | Time: 0.03s | ETA: 0.0m
2025-11-01 10:03:38,391 |   Trial 139/300 | Shots: 4352 | Mean: 1527.3±1326.1 | Time: 0.03s | ETA: 0.0m
2025-11-01 10:03:38,395 |   Trial 140/300 | Shots:  512 | Mean: 1520.0±1324.1 | Time: 0.00s | ETA: 0.0m
2025-11-01 10:03:38,398 |   Trial 141/300 | Shots:  512 | Mean: 1512.9±1322.1 | Time: 0.00s | ETA: 0.0m
2025-11-01 10:03:38,411 |   Trial 142/300 | Shots: 2048 | Mean: 1516.6±1318.2 | Time: 0.01s | ETA: 0.0m
2025-11-01 10:03:38,414 |   Trial 143/300 | Shots:  512 | Mean: 1509.6±1316.2 | Time: 0.00s | ETA: 0.0m
2025-11-01 10:03:38,430 |   Trial 144/300 | Shots: 2304 | Mean: 1515.1±1313.3 | Time: 0.02s | ETA: 0.0m
2025-11-01 10:03:38,447 |   Trial 145/300 | Shots: 1536 | Mean: 1515.3±1308.8 | Time: 0.02s | ETA: 0.0m
2025-11-01 10:03:38,494 |   Trial 146/300 | Shots: 5000 | Mean: 1539.1±1335.6 | Time: 0.05s | ETA: 0.0m
2025-11-01 10:03:38,506 |   Trial 147/300 | Shots: 1280 | Mean: 1537.4±1331.2 | Time: 0.01s | ETA: 0.0m
2025-11-01 10:03:38,509 |   Trial 148/300 | Shots:  256 | Mean: 1528.7±1330.8 | Time: 0.00s | ETA: 0.0m
2025-11-01 10:03:38,514 |   Trial 149/300 | Shots:  768 | Mean: 1523.6±1327.8 | Time: 0.01s | ETA: 0.0m
2025-11-01 10:03:38,527 |   Trial 150/300 | Shots: 2048 | Mean: 1527.1±1324.1 | Time: 0.01s | ETA: 0.0m
2025-11-01 10:03:38,533 |   Trial 151/300 | Shots:  768 | Mean: 1522.1±1321.1 | Time: 0.01s | ETA: 0.0m
2025-11-01 10:03:38,539 |   Trial 152/300 | Shots:  768 | Mean: 1517.1±1318.2 | Time: 0.01s | ETA: 0.0m
2025-11-01 10:03:38,548 |   Trial 153/300 | Shots: 1792 | Mean: 1518.9±1314.0 | Time: 0.01s | ETA: 0.0m
2025-11-01 10:03:38,557 |   Trial 154/300 | Shots: 1280 | Mean: 1517.4±1309.9 | Time: 0.01s | ETA: 0.0m
2025-11-01 10:03:38,565 |   Trial 155/300 | Shots: 1024 | Mean: 1514.2±1306.3 | Time: 0.01s | ETA: 0.0m
2025-11-01 10:03:38,570 |   Trial 156/300 | Shots:  512 | Mean: 1507.7±1304.5 | Time: 0.00s | ETA: 0.0m
2025-11-01 10:03:38,583 |   Trial 157/300 | Shots: 2048 | Mean: 1511.2±1301.1 | Time: 0.01s | ETA: 0.0m
2025-11-01 10:03:38,629 |   Trial 158/300 | Shots: 5000 | Mean: 1533.3±1326.1 | Time: 0.05s | ETA: 0.0m
2025-11-01 10:03:38,636 |   Trial 159/300 | Shots:  768 | Mean: 1528.5±1323.4 | Time: 0.01s | ETA: 0.0m
2025-11-01 10:03:38,658 |   Trial 160/300 | Shots: 2304 | Mean: 1533.3±1320.6 | Time: 0.02s | ETA: 0.0m
2025-11-01 10:03:38,676 |   Trial 161/300 | Shots: 1792 | Mean: 1534.9±1316.7 | Time: 0.02s | ETA: 0.0m
2025-11-01 10:03:38,693 |   Trial 162/300 | Shots: 2304 | Mean: 1539.7±1314.0 | Time: 0.02s | ETA: 0.0m
2025-11-01 10:03:38,699 |   Trial 163/300 | Shots: 1280 | Mean: 1538.1±1310.1 | Time: 0.01s | ETA: 0.0m
2025-11-01 10:03:38,737 |   Trial 164/300 | Shots: 5000 | Mean: 1559.2±1333.6 | Time: 0.04s | ETA: 0.0m
2025-11-01 10:03:38,740 |   Trial 165/300 | Shots:  256 | Mean: 1551.3±1333.4 | Time: 0.00s | ETA: 0.0m
2025-11-01 10:03:38,747 |   Trial 166/300 | Shots:  768 | Mean: 1546.6±1330.8 | Time: 0.01s | ETA: 0.0m
2025-11-01 10:03:38,754 |   Trial 167/300 | Shots:  768 | Mean: 1541.9±1328.1 | Time: 0.01s | ETA: 0.0m
2025-11-01 10:03:38,761 |   Trial 168/300 | Shots:  768 | Mean: 1537.3±1325.5 | Time: 0.01s | ETA: 0.0m
2025-11-01 10:03:38,767 |   Trial 169/300 | Shots:  512 | Mean: 1531.2±1323.9 | Time: 0.01s | ETA: 0.0m
2025-11-01 10:03:38,801 |   Trial 170/300 | Shots: 3584 | Mean: 1543.3±1329.3 | Time: 0.03s | ETA: 0.0m
2025-11-01 10:03:38,814 |   Trial 171/300 | Shots: 1536 | Mean: 1543.3±1325.4 | Time: 0.01s | ETA: 0.0m
2025-11-01 10:03:38,817 |   Trial 172/300 | Shots:  512 | Mean: 1537.3±1323.9 | Time: 0.00s | ETA: 0.0m
2025-11-01 10:03:38,863 |   Trial 173/300 | Shots: 5000 | Mean: 1557.3±1345.9 | Time: 0.05s | ETA: 0.0m
2025-11-01 10:03:38,875 |   Trial 174/300 | Shots: 1024 | Mean: 1554.2±1342.7 | Time: 0.01s | ETA: 0.0m
2025-11-01 10:03:38,898 |   Trial 175/300 | Shots: 2304 | Mean: 1558.5±1340.0 | Time: 0.02s | ETA: 0.0m
2025-11-01 10:03:38,913 |   Trial 176/300 | Shots: 1792 | Mean: 1559.8±1336.3 | Time: 0.01s | ETA: 0.0m
2025-11-01 10:03:38,928 |   Trial 177/300 | Shots: 2304 | Mean: 1564.0±1333.7 | Time: 0.01s | ETA: 0.0m
2025-11-01 10:03:38,946 |   Trial 178/300 | Shots: 1792 | Mean: 1565.3±1330.0 | Time: 0.02s | ETA: 0.0m
2025-11-01 10:03:38,957 |   Trial 179/300 | Shots: 1280 | Mean: 1563.7±1326.5 | Time: 0.01s | ETA: 0.0m
2025-11-01 10:03:38,968 |   Trial 180/300 | Shots:  768 | Mean: 1559.3±1324.1 | Time: 0.01s | ETA: 0.0m
2025-11-01 10:03:38,978 |   Trial 181/300 | Shots: 1024 | Mean: 1556.3±1321.1 | Time: 0.01s | ETA: 0.0m
2025-11-01 10:03:38,984 |   Trial 182/300 | Shots:  512 | Mean: 1550.6±1319.7 | Time: 0.01s | ETA: 0.0m
2025-11-01 10:03:39,022 |   Trial 183/300 | Shots: 5120 | Mean: 1570.1±1342.1 | Time: 0.04s | ETA: 0.0m
2025-11-01 10:03:39,036 |   Trial 184/300 | Shots: 1280 | Mean: 1568.5±1338.6 | Time: 0.01s | ETA: 0.0m
2025-11-01 10:03:39,051 |   Trial 185/300 | Shots: 1536 | Mean: 1568.3±1335.0 | Time: 0.01s | ETA: 0.0m
2025-11-01 10:03:39,057 |   Trial 186/300 | Shots:  512 | Mean: 1562.7±1333.7 | Time: 0.01s | ETA: 0.0m
2025-11-01 10:03:39,071 |   Trial 187/300 | Shots: 1280 | Mean: 1561.2±1330.3 | Time: 0.01s | ETA: 0.0m
2025-11-01 10:03:39,113 |   Trial 188/300 | Shots: 4864 | Mean: 1578.7±1348.3 | Time: 0.04s | ETA: 0.0m
2025-11-01 10:03:39,117 |   Trial 189/300 | Shots:  512 | Mean: 1573.1±1346.9 | Time: 0.00s | ETA: 0.0m
2025-11-01 10:03:39,122 |   Trial 190/300 | Shots: 1024 | Mean: 1570.2±1344.0 | Time: 0.01s | ETA: 0.0m
2025-11-01 10:03:39,164 |   Trial 191/300 | Shots: 5000 | Mean: 1588.1±1363.1 | Time: 0.04s | ETA: 0.0m
2025-11-01 10:03:39,198 |   Trial 192/300 | Shots: 3328 | Mean: 1597.2±1365.3 | Time: 0.03s | ETA: 0.0m
2025-11-01 10:03:39,213 |   Trial 193/300 | Shots: 1792 | Mean: 1598.2±1361.9 | Time: 0.01s | ETA: 0.0m
2025-11-01 10:03:39,217 |   Trial 194/300 | Shots:  768 | Mean: 1593.9±1359.6 | Time: 0.00s | ETA: 0.0m
2025-11-01 10:03:39,222 |   Trial 195/300 | Shots: 1024 | Mean: 1591.0±1356.8 | Time: 0.01s | ETA: 0.0m
2025-11-01 10:03:39,228 |   Trial 196/300 | Shots:  768 | Mean: 1586.8±1354.6 | Time: 0.01s | ETA: 0.0m
2025-11-01 10:03:39,234 |   Trial 197/300 | Shots:  768 | Mean: 1582.7±1352.4 | Time: 0.01s | ETA: 0.0m
2025-11-01 10:03:39,241 |   Trial 198/300 | Shots: 1024 | Mean: 1579.8±1349.5 | Time: 0.01s | ETA: 0.0m
2025-11-01 10:03:39,248 |   Trial 199/300 | Shots: 1024 | Mean: 1577.0±1346.7 | Time: 0.01s | ETA: 0.0m
2025-11-01 10:03:39,251 |   Trial 200/300 | Shots:  256 | Mean: 1570.4±1346.6 | Time: 0.00s | ETA: 0.0m
2025-11-01 10:03:39,254 |   Trial 201/300 | Shots:  512 | Mean: 1565.2±1345.3 | Time: 0.00s | ETA: 0.0m
2025-11-01 10:03:39,313 |   Trial 202/300 | Shots: 5000 | Mean: 1582.2±1363.4 | Time: 0.06s | ETA: 0.0m
2025-11-01 10:03:39,351 |   Trial 203/300 | Shots: 4352 | Mean: 1595.8±1373.8 | Time: 0.04s | ETA: 0.0m
2025-11-01 10:03:39,371 |   Trial 204/300 | Shots: 1792 | Mean: 1596.8±1370.5 | Time: 0.02s | ETA: 0.0m
2025-11-01 10:03:39,378 |   Trial 205/300 | Shots:  512 | Mean: 1591.5±1369.3 | Time: 0.01s | ETA: 0.0m
2025-11-01 10:03:39,396 |   Trial 206/300 | Shots: 1792 | Mean: 1592.5±1366.0 | Time: 0.02s | ETA: 0.0m
2025-11-01 10:03:39,403 |   Trial 207/300 | Shots:  768 | Mean: 1588.5±1363.9 | Time: 0.01s | ETA: 0.0m
2025-11-01 10:03:39,407 |   Trial 208/300 | Shots:  256 | Mean: 1582.1±1363.7 | Time: 0.00s | ETA: 0.0m
2025-11-01 10:03:39,427 |   Trial 209/300 | Shots: 3072 | Mean: 1589.2±1364.3 | Time: 0.02s | ETA: 0.0m
2025-11-01 10:03:39,482 |   Trial 210/300 | Shots: 5000 | Mean: 1605.4±1381.2 | Time: 0.05s | ETA: 0.0m
2025-11-01 10:03:39,499 |   Trial 211/300 | Shots: 1792 | Mean: 1606.3±1378.0 | Time: 0.02s | ETA: 0.0m
2025-11-01 10:03:39,506 |   Trial 212/300 | Shots:  512 | Mean: 1601.2±1376.8 | Time: 0.01s | ETA: 0.0m
2025-11-01 10:03:39,511 |   Trial 213/300 | Shots:  512 | Mean: 1596.1±1375.6 | Time: 0.01s | ETA: 0.0m
2025-11-01 10:03:39,513 |   Trial 214/300 | Shots:  256 | Mean: 1589.8±1375.4 | Time: 0.00s | ETA: 0.0m
2025-11-01 10:03:39,517 |   Trial 215/300 | Shots:  512 | Mean: 1584.8±1374.1 | Time: 0.00s | ETA: 0.0m
2025-11-01 10:03:39,521 |   Trial 216/300 | Shots:  768 | Mean: 1581.0±1372.1 | Time: 0.00s | ETA: 0.0m
2025-11-01 10:03:39,528 |   Trial 217/300 | Shots:  768 | Mean: 1577.3±1370.0 | Time: 0.01s | ETA: 0.0m
2025-11-01 10:03:39,533 |   Trial 218/300 | Shots:  512 | Mean: 1572.4±1368.8 | Time: 0.01s | ETA: 0.0m
2025-11-01 10:03:39,536 |   Trial 219/300 | Shots:  256 | Mean: 1566.4±1368.5 | Time: 0.00s | ETA: 0.0m
2025-11-01 10:03:39,546 |   Trial 220/300 | Shots: 2048 | Mean: 1568.5±1365.8 | Time: 0.01s | ETA: 0.0m
2025-11-01 10:03:39,549 |   Trial 221/300 | Shots:  768 | Mean: 1564.9±1363.7 | Time: 0.00s | ETA: 0.0m
2025-11-01 10:03:39,598 |   Trial 222/300 | Shots: 5000 | Mean: 1580.4±1380.0 | Time: 0.05s | ETA: 0.0m
2025-11-01 10:03:39,604 |   Trial 223/300 | Shots:  768 | Mean: 1576.8±1377.9 | Time: 0.01s | ETA: 0.0m
2025-11-01 10:03:39,628 |   Trial 224/300 | Shots: 3328 | Mean: 1584.6±1379.8 | Time: 0.02s | ETA: 0.0m
2025-11-01 10:03:39,691 |   Trial 225/300 | Shots: 5000 | Mean: 1599.8±1395.4 | Time: 0.06s | ETA: 0.0m
2025-11-01 10:03:39,716 |   Trial 226/300 | Shots: 2816 | Mean: 1605.1±1394.6 | Time: 0.03s | ETA: 0.0m
2025-11-01 10:03:39,718 |   Trial 227/300 | Shots:  256 | Mean: 1599.2±1394.4 | Time: 0.00s | ETA: 0.0m
2025-11-01 10:03:39,719 |   Trial 228/300 | Shots:  256 | Mean: 1593.3±1394.2 | Time: 0.00s | ETA: 0.0m
2025-11-01 10:03:39,722 |   Trial 229/300 | Shots:  512 | Mean: 1588.6±1392.9 | Time: 0.00s | ETA: 0.0m
2025-11-01 10:03:39,726 |   Trial 230/300 | Shots:  512 | Mean: 1583.9±1391.7 | Time: 0.00s | ETA: 0.0m
2025-11-01 10:03:39,740 |   Trial 231/300 | Shots: 1280 | Mean: 1582.6±1388.8 | Time: 0.01s | ETA: 0.0m
2025-11-01 10:03:39,779 |   Trial 232/300 | Shots: 3584 | Mean: 1591.2±1392.0 | Time: 0.04s | ETA: 0.0m
2025-11-01 10:03:39,807 |   Trial 233/300 | Shots: 3072 | Mean: 1597.6±1392.4 | Time: 0.03s | ETA: 0.0m
2025-11-01 10:03:39,816 |   Trial 234/300 | Shots: 1280 | Mean: 1596.2±1389.6 | Time: 0.01s | ETA: 0.0m
2025-11-01 10:03:39,818 |   Trial 235/300 | Shots:  512 | Mean: 1591.6±1388.4 | Time: 0.00s | ETA: 0.0m
2025-11-01 10:03:39,829 |   Trial 236/300 | Shots: 1536 | Mean: 1591.4±1385.5 | Time: 0.01s | ETA: 0.0m
2025-11-01 10:03:39,846 |   Trial 237/300 | Shots: 1536 | Mean: 1591.1±1382.6 | Time: 0.02s | ETA: 0.0m
2025-11-01 10:03:39,854 |   Trial 238/300 | Shots:  512 | Mean: 1586.6±1381.4 | Time: 0.01s | ETA: 0.0m
2025-11-01 10:03:39,861 |   Trial 239/300 | Shots:  768 | Mean: 1583.2±1379.5 | Time: 0.01s | ETA: 0.0m
2025-11-01 10:03:39,891 |   Trial 240/300 | Shots: 2816 | Mean: 1588.3±1379.0 | Time: 0.03s | ETA: 0.0m
2025-11-01 10:03:39,894 |   Trial 241/300 | Shots:  512 | Mean: 1583.8±1377.8 | Time: 0.00s | ETA: 0.0m
2025-11-01 10:03:39,923 |   Trial 242/300 | Shots: 4864 | Mean: 1597.4±1391.0 | Time: 0.03s | ETA: 0.0m
2025-11-01 10:03:39,927 |   Trial 243/300 | Shots:  512 | Mean: 1592.9±1389.9 | Time: 0.00s | ETA: 0.0m
2025-11-01 10:03:39,960 |   Trial 244/300 | Shots: 5000 | Mean: 1606.9±1404.0 | Time: 0.03s | ETA: 0.0m
2025-11-01 10:03:39,978 |   Trial 245/300 | Shots: 2816 | Mean: 1611.8±1403.2 | Time: 0.02s | ETA: 0.0m
2025-11-01 10:03:39,983 |   Trial 246/300 | Shots:  768 | Mean: 1608.4±1401.4 | Time: 0.01s | ETA: 0.0m
2025-11-01 10:03:39,991 |   Trial 247/300 | Shots: 1024 | Mean: 1606.0±1399.1 | Time: 0.01s | ETA: 0.0m
2025-11-01 10:03:40,004 |   Trial 248/300 | Shots: 2048 | Mean: 1607.8±1396.5 | Time: 0.01s | ETA: 0.0m
2025-11-01 10:03:40,016 |   Trial 249/300 | Shots: 1792 | Mean: 1608.5±1393.8 | Time: 0.01s | ETA: 0.0m
2025-11-01 10:03:40,040 |   Trial 250/300 | Shots: 4096 | Mean: 1618.5±1399.8 | Time: 0.02s | ETA: 0.0m
2025-11-01 10:03:40,042 |   Trial 251/300 | Shots:  256 | Mean: 1613.1±1399.6 | Time: 0.00s | ETA: 0.0m
2025-11-01 10:03:40,054 |   Trial 252/300 | Shots: 1792 | Mean: 1613.8±1396.9 | Time: 0.01s | ETA: 0.0m
2025-11-01 10:03:40,059 |   Trial 253/300 | Shots:  768 | Mean: 1610.4±1395.2 | Time: 0.00s | ETA: 0.0m
2025-11-01 10:03:40,093 |   Trial 254/300 | Shots: 5000 | Mean: 1623.8±1408.5 | Time: 0.03s | ETA: 0.0m
2025-11-01 10:03:40,101 |   Trial 255/300 | Shots: 1536 | Mean: 1623.4±1405.7 | Time: 0.01s | ETA: 0.0m
2025-11-01 10:03:40,107 |   Trial 256/300 | Shots: 2304 | Mean: 1626.1±1403.6 | Time: 0.01s | ETA: 0.0m
2025-11-01 10:03:40,108 |   Trial 257/300 | Shots:  256 | Mean: 1620.8±1403.5 | Time: 0.00s | ETA: 0.0m
2025-11-01 10:03:40,121 |   Trial 258/300 | Shots: 5000 | Mean: 1633.9±1416.4 | Time: 0.01s | ETA: 0.0m
2025-11-01 10:03:40,122 |   Trial 259/300 | Shots:  512 | Mean: 1629.5±1415.4 | Time: 0.00s | ETA: 0.0m
2025-11-01 10:03:40,124 |   Trial 260/300 | Shots: 1024 | Mean: 1627.2±1413.2 | Time: 0.00s | ETA: 0.0m
2025-11-01 10:03:40,132 |   Trial 261/300 | Shots: 3840 | Mean: 1635.7±1417.1 | Time: 0.01s | ETA: 0.0m
2025-11-01 10:03:40,145 |   Trial 262/300 | Shots: 5000 | Mean: 1648.5±1429.5 | Time: 0.01s | ETA: 0.0m
2025-11-01 10:03:40,147 |   Trial 263/300 | Shots:  512 | Mean: 1644.2±1428.5 | Time: 0.00s | ETA: 0.0m
2025-11-01 10:03:40,171 |   Trial 264/300 | Shots: 5000 | Mean: 1656.9±1440.6 | Time: 0.02s | ETA: 0.0m
2025-11-01 10:03:40,175 |   Trial 265/300 | Shots: 1024 | Mean: 1654.5±1438.4 | Time: 0.00s | ETA: 0.0m
2025-11-01 10:03:40,207 |   Trial 266/300 | Shots: 5000 | Mean: 1667.1±1450.2 | Time: 0.03s | ETA: 0.0m
2025-11-01 10:03:40,210 |   Trial 267/300 | Shots:  768 | Mean: 1663.7±1448.6 | Time: 0.00s | ETA: 0.0m
2025-11-01 10:03:40,221 |   Trial 268/300 | Shots: 3584 | Mean: 1670.9±1450.6 | Time: 0.01s | ETA: 0.0m
2025-11-01 10:03:40,225 |   Trial 269/300 | Shots: 2048 | Mean: 1672.3±1448.1 | Time: 0.00s | ETA: 0.0m
2025-11-01 10:03:40,241 |   Trial 270/300 | Shots: 2560 | Mean: 1675.6±1446.4 | Time: 0.02s | ETA: 0.0m
2025-11-01 10:03:40,244 |   Trial 271/300 | Shots:  256 | Mean: 1670.3±1446.3 | Time: 0.00s | ETA: 0.0m
2025-11-01 10:03:40,264 |   Trial 272/300 | Shots: 3072 | Mean: 1675.5±1446.1 | Time: 0.02s | ETA: 0.0m
2025-11-01 10:03:40,274 |   Trial 273/300 | Shots: 2304 | Mean: 1677.8±1444.0 | Time: 0.01s | ETA: 0.0m
2025-11-01 10:03:40,289 |   Trial 274/300 | Shots: 5000 | Mean: 1689.9±1455.2 | Time: 0.02s | ETA: 0.0m
2025-11-01 10:03:40,291 |   Trial 275/300 | Shots:  768 | Mean: 1686.6±1453.6 | Time: 0.00s | ETA: 0.0m
2025-11-01 10:03:40,305 |   Trial 276/300 | Shots: 5000 | Mean: 1698.6±1464.5 | Time: 0.01s | ETA: 0.0m
2025-11-01 10:03:40,311 |   Trial 277/300 | Shots: 2048 | Mean: 1699.8±1462.0 | Time: 0.01s | ETA: 0.0m
2025-11-01 10:03:40,320 |   Trial 278/300 | Shots: 5000 | Mean: 1711.7±1472.7 | Time: 0.01s | ETA: 0.0m
2025-11-01 10:03:40,321 |   Trial 279/300 | Shots:  512 | Mean: 1707.4±1471.8 | Time: 0.00s | ETA: 0.0m
2025-11-01 10:03:40,324 |   Trial 280/300 | Shots: 1792 | Mean: 1707.7±1469.2 | Time: 0.00s | ETA: 0.0m
2025-11-01 10:03:40,324 |   Trial 281/300 | Shots:  256 | Mean: 1702.5±1469.1 | Time: 0.00s | ETA: 0.0m
2025-11-01 10:03:40,325 |   Trial 282/300 | Shots:  512 | Mean: 1698.3±1468.2 | Time: 0.00s | ETA: 0.0m
2025-11-01 10:03:40,328 |   Trial 283/300 | Shots: 2048 | Mean: 1699.6±1465.8 | Time: 0.00s | ETA: 0.0m
2025-11-01 10:03:40,330 |   Trial 284/300 | Shots: 1024 | Mean: 1697.2±1463.8 | Time: 0.00s | ETA: 0.0m
2025-11-01 10:03:40,354 |   Trial 285/300 | Shots: 5000 | Mean: 1708.8±1474.2 | Time: 0.02s | ETA: 0.0m
2025-11-01 10:03:40,356 |   Trial 286/300 | Shots:  512 | Mean: 1704.6±1473.3 | Time: 0.00s | ETA: 0.0m
2025-11-01 10:03:40,367 |   Trial 287/300 | Shots: 4608 | Mean: 1714.7±1480.6 | Time: 0.01s | ETA: 0.0m
2025-11-01 10:03:40,369 |   Trial 288/300 | Shots:  512 | Mean: 1710.5±1479.8 | Time: 0.00s | ETA: 0.0m
2025-11-01 10:03:40,383 |   Trial 289/300 | Shots: 5120 | Mean: 1722.3±1490.7 | Time: 0.01s | ETA: 0.0m
2025-11-01 10:03:40,385 |   Trial 290/300 | Shots:  512 | Mean: 1718.2±1489.8 | Time: 0.00s | ETA: 0.0m
2025-11-01 10:03:40,388 |   Trial 291/300 | Shots: 1024 | Mean: 1715.8±1487.8 | Time: 0.00s | ETA: 0.0m
2025-11-01 10:03:40,393 |   Trial 292/300 | Shots:  768 | Mean: 1712.5±1486.3 | Time: 0.00s | ETA: 0.0m
2025-11-01 10:03:40,395 |   Trial 293/300 | Shots:  256 | Mean: 1707.5±1486.2 | Time: 0.00s | ETA: 0.0m
2025-11-01 10:03:40,400 |   Trial 294/300 | Shots: 2048 | Mean: 1708.7±1483.8 | Time: 0.00s | ETA: 0.0m
2025-11-01 10:03:40,401 |   Trial 295/300 | Shots:  512 | Mean: 1704.7±1482.9 | Time: 0.00s | ETA: 0.0m
2025-11-01 10:03:40,402 |   Trial 296/300 | Shots:  512 | Mean: 1700.6±1482.0 | Time: 0.00s | ETA: 0.0m
2025-11-01 10:03:40,417 |   Trial 297/300 | Shots: 3072 | Mean: 1705.2±1481.7 | Time: 0.02s | ETA: 0.0m
2025-11-01 10:03:40,419 |   Trial 298/300 | Shots:  768 | Mean: 1702.1±1480.2 | Time: 0.00s | ETA: 0.0m
2025-11-01 10:03:40,419 |   Trial 299/300 | Shots:  256 | Mean: 1697.3±1480.0 | Time: 0.00s | ETA: 0.0m
2025-11-01 10:03:40,427 |   Trial 300/300 | Shots: 2560 | Mean: 1700.1±1478.4 | Time: 0.01s | ETA: 0.0m
2025-11-01 10:03:40,427 |   FINAL — Mean shots (VRA): 1700.1 ± 1478.4
2025-11-01 10:03:40,427 | 
----------------------------------------------------------------------
2025-11-01 10:03:40,427 | Scheduler mode: deterministic
2025-11-01 10:03:40,427 |   stride will be made co-prime with r*; k0=0, req stride=5
2025-11-01 10:03:40,427 | 
Running uniform prior trials...
2025-11-01 10:03:40,645 |   Trial   1/300 | Shots: 5000 | Mean: 5000.0±0.0 | Time: 0.22s | ETA: 1.1m
2025-11-01 10:03:40,673 |   Trial   2/300 | Shots: 5000 | Mean: 5000.0±0.0 | Time: 0.03s | ETA: 0.6m
2025-11-01 10:03:40,706 |   Trial   3/300 | Shots: 5000 | Mean: 5000.0±0.0 | Time: 0.03s | ETA: 0.5m
2025-11-01 10:03:40,718 |   Trial   4/300 | Shots: 5000 | Mean: 5000.0±0.0 | Time: 0.01s | ETA: 0.4m
2025-11-01 10:03:40,727 |   Trial   5/300 | Shots: 5000 | Mean: 5000.0±0.0 | Time: 0.01s | ETA: 0.3m
2025-11-01 10:03:40,751 |   Trial   6/300 | Shots: 5000 | Mean: 5000.0±0.0 | Time: 0.02s | ETA: 0.3m
2025-11-01 10:03:40,774 |   Trial   7/300 | Shots: 5000 | Mean: 5000.0±0.0 | Time: 0.02s | ETA: 0.2m
2025-11-01 10:03:40,801 |   Trial   8/300 | Shots: 5000 | Mean: 5000.0±0.0 | Time: 0.03s | ETA: 0.2m
2025-11-01 10:03:40,813 |   Trial   9/300 | Shots: 5000 | Mean: 5000.0±0.0 | Time: 0.01s | ETA: 0.2m
2025-11-01 10:03:40,842 |   Trial  10/300 | Shots: 5000 | Mean: 5000.0±0.0 | Time: 0.03s | ETA: 0.2m
2025-11-01 10:03:40,870 |   Trial  11/300 | Shots: 5000 | Mean: 5000.0±0.0 | Time: 0.03s | ETA: 0.2m
2025-11-01 10:03:40,905 |   Trial  12/300 | Shots: 5000 | Mean: 5000.0±0.0 | Time: 0.04s | ETA: 0.2m
2025-11-01 10:03:40,919 |   Trial  13/300 | Shots: 5000 | Mean: 5000.0±0.0 | Time: 0.01s | ETA: 0.2m
2025-11-01 10:03:40,941 |   Trial  14/300 | Shots: 5000 | Mean: 5000.0±0.0 | Time: 0.02s | ETA: 0.2m
2025-11-01 10:03:40,960 |   Trial  15/300 | Shots: 5000 | Mean: 5000.0±0.0 | Time: 0.02s | ETA: 0.2m
2025-11-01 10:03:40,986 |   Trial  16/300 | Shots: 5000 | Mean: 5000.0±0.0 | Time: 0.03s | ETA: 0.2m
2025-11-01 10:03:41,012 |   Trial  17/300 | Shots: 5000 | Mean: 5000.0±0.0 | Time: 0.03s | ETA: 0.2m
2025-11-01 10:03:41,027 |   Trial  18/300 | Shots: 5000 | Mean: 5000.0±0.0 | Time: 0.01s | ETA: 0.2m
2025-11-01 10:03:41,052 |   Trial  19/300 | Shots: 5000 | Mean: 5000.0±0.0 | Time: 0.03s | ETA: 0.2m
2025-11-01 10:03:41,081 |   Trial  20/300 | Shots: 5000 | Mean: 5000.0±0.0 | Time: 0.03s | ETA: 0.2m
2025-11-01 10:03:41,106 |   Trial  21/300 | Shots: 5000 | Mean: 5000.0±0.0 | Time: 0.02s | ETA: 0.2m
2025-11-01 10:03:41,122 |   Trial  22/300 | Shots: 5000 | Mean: 5000.0±0.0 | Time: 0.02s | ETA: 0.1m
2025-11-01 10:03:41,140 |   Trial  23/300 | Shots: 5000 | Mean: 5000.0±0.0 | Time: 0.02s | ETA: 0.1m
2025-11-01 10:03:41,167 |   Trial  24/300 | Shots: 5000 | Mean: 5000.0±0.0 | Time: 0.03s | ETA: 0.1m
2025-11-01 10:03:41,193 |   Trial  25/300 | Shots: 5000 | Mean: 5000.0±0.0 | Time: 0.03s | ETA: 0.1m
2025-11-01 10:03:41,216 |   Trial  26/300 | Shots: 5000 | Mean: 5000.0±0.0 | Time: 0.02s | ETA: 0.1m
2025-11-01 10:03:41,240 |   Trial  27/300 | Shots: 5000 | Mean: 5000.0±0.0 | Time: 0.02s | ETA: 0.1m
2025-11-01 10:03:41,279 |   Trial  28/300 | Shots: 5000 | Mean: 5000.0±0.0 | Time: 0.04s | ETA: 0.1m
2025-11-01 10:03:41,313 |   Trial  29/300 | Shots: 5000 | Mean: 5000.0±0.0 | Time: 0.03s | ETA: 0.1m
2025-11-01 10:03:41,336 |   Trial  30/300 | Shots: 4352 | Mean: 4978.4±116.3 | Time: 0.02s | ETA: 0.1m
2025-11-01 10:03:41,367 |   Trial  31/300 | Shots: 5000 | Mean: 4979.1±114.5 | Time: 0.03s | ETA: 0.1m
2025-11-01 10:03:41,397 |   Trial  32/300 | Shots: 5000 | Mean: 4979.8±112.7 | Time: 0.03s | ETA: 0.1m
2025-11-01 10:03:41,422 |   Trial  33/300 | Shots: 5000 | Mean: 4980.4±111.1 | Time: 0.02s | ETA: 0.1m
2025-11-01 10:03:41,445 |   Trial  34/300 | Shots: 5000 | Mean: 4980.9±109.5 | Time: 0.02s | ETA: 0.1m
2025-11-01 10:03:41,472 |   Trial  35/300 | Shots: 5000 | Mean: 4981.5±108.0 | Time: 0.03s | ETA: 0.1m
2025-11-01 10:03:41,494 |   Trial  36/300 | Shots: 5000 | Mean: 4982.0±106.5 | Time: 0.02s | ETA: 0.1m
2025-11-01 10:03:41,516 |   Trial  37/300 | Shots: 5000 | Mean: 4982.5±105.1 | Time: 0.02s | ETA: 0.1m
2025-11-01 10:03:41,544 |   Trial  38/300 | Shots: 5000 | Mean: 4982.9±103.7 | Time: 0.03s | ETA: 0.1m
2025-11-01 10:03:41,576 |   Trial  39/300 | Shots: 5000 | Mean: 4983.4±102.4 | Time: 0.03s | ETA: 0.1m
2025-11-01 10:03:41,607 |   Trial  40/300 | Shots: 5120 | Mean: 4986.8±103.4 | Time: 0.03s | ETA: 0.1m
2025-11-01 10:03:41,632 |   Trial  41/300 | Shots: 5000 | Mean: 4987.1±102.1 | Time: 0.03s | ETA: 0.1m
2025-11-01 10:03:41,662 |   Trial  42/300 | Shots: 5000 | Mean: 4987.4±100.9 | Time: 0.03s | ETA: 0.1m
2025-11-01 10:03:41,688 |   Trial  43/300 | Shots: 5000 | Mean: 4987.7±99.7 | Time: 0.03s | ETA: 0.1m
2025-11-01 10:03:41,717 |   Trial  44/300 | Shots: 5000 | Mean: 4988.0±98.6 | Time: 0.03s | ETA: 0.1m
2025-11-01 10:03:41,740 |   Trial  45/300 | Shots: 5000 | Mean: 4988.3±97.5 | Time: 0.02s | ETA: 0.1m
2025-11-01 10:03:41,755 |   Trial  46/300 | Shots: 2816 | Mean: 4941.0±331.1 | Time: 0.02s | ETA: 0.1m
2025-11-01 10:03:41,783 |   Trial  47/300 | Shots: 5000 | Mean: 4942.3±327.7 | Time: 0.03s | ETA: 0.1m
2025-11-01 10:03:41,817 |   Trial  48/300 | Shots: 5000 | Mean: 4943.5±324.4 | Time: 0.03s | ETA: 0.1m
2025-11-01 10:03:41,845 |   Trial  49/300 | Shots: 5000 | Mean: 4944.7±321.2 | Time: 0.03s | ETA: 0.1m
2025-11-01 10:03:41,874 |   Trial  50/300 | Shots: 5000 | Mean: 4945.8±318.0 | Time: 0.03s | ETA: 0.1m
2025-11-01 10:03:41,904 |   Trial  51/300 | Shots: 5000 | Mean: 4946.8±315.0 | Time: 0.03s | ETA: 0.1m
2025-11-01 10:03:41,929 |   Trial  52/300 | Shots: 5000 | Mean: 4947.8±312.0 | Time: 0.02s | ETA: 0.1m
2025-11-01 10:03:41,959 |   Trial  53/300 | Shots: 5000 | Mean: 4948.8±309.1 | Time: 0.03s | ETA: 0.1m
2025-11-01 10:03:41,989 |   Trial  54/300 | Shots: 5000 | Mean: 4949.8±306.4 | Time: 0.03s | ETA: 0.1m
2025-11-01 10:03:42,018 |   Trial  55/300 | Shots: 5000 | Mean: 4950.7±303.6 | Time: 0.03s | ETA: 0.1m
2025-11-01 10:03:42,039 |   Trial  56/300 | Shots: 5000 | Mean: 4951.6±301.0 | Time: 0.02s | ETA: 0.1m
2025-11-01 10:03:42,065 |   Trial  57/300 | Shots: 5000 | Mean: 4952.4±298.4 | Time: 0.03s | ETA: 0.1m
2025-11-01 10:03:42,097 |   Trial  58/300 | Shots: 5000 | Mean: 4953.2±295.9 | Time: 0.03s | ETA: 0.1m
2025-11-01 10:03:42,119 |   Trial  59/300 | Shots: 5000 | Mean: 4954.0±293.4 | Time: 0.02s | ETA: 0.1m
2025-11-01 10:03:42,141 |   Trial  60/300 | Shots: 5000 | Mean: 4954.8±291.0 | Time: 0.02s | ETA: 0.1m
2025-11-01 10:03:42,161 |   Trial  61/300 | Shots: 5000 | Mean: 4955.5±288.7 | Time: 0.02s | ETA: 0.1m
2025-11-01 10:03:42,175 |   Trial  62/300 | Shots: 5000 | Mean: 4956.3±286.4 | Time: 0.01s | ETA: 0.1m
2025-11-01 10:03:42,202 |   Trial  63/300 | Shots: 5000 | Mean: 4957.0±284.2 | Time: 0.03s | ETA: 0.1m
2025-11-01 10:03:42,219 |   Trial  64/300 | Shots: 5000 | Mean: 4957.6±282.0 | Time: 0.02s | ETA: 0.1m
2025-11-01 10:03:42,229 |   Trial  65/300 | Shots: 5000 | Mean: 4958.3±279.9 | Time: 0.01s | ETA: 0.1m
2025-11-01 10:03:42,241 |   Trial  66/300 | Shots: 4096 | Mean: 4945.2±297.0 | Time: 0.01s | ETA: 0.1m
2025-11-01 10:03:42,250 |   Trial  67/300 | Shots: 4096 | Mean: 4932.5±312.3 | Time: 0.01s | ETA: 0.1m
2025-11-01 10:03:42,269 |   Trial  68/300 | Shots: 5000 | Mean: 4933.5±310.1 | Time: 0.02s | ETA: 0.1m
2025-11-01 10:03:42,289 |   Trial  69/300 | Shots: 5000 | Mean: 4934.5±307.9 | Time: 0.02s | ETA: 0.1m
2025-11-01 10:03:42,308 |   Trial  70/300 | Shots: 5000 | Mean: 4935.4±305.8 | Time: 0.02s | ETA: 0.1m
2025-11-01 10:03:42,319 |   Trial  71/300 | Shots: 5000 | Mean: 4936.3±303.8 | Time: 0.01s | ETA: 0.1m
2025-11-01 10:03:42,326 |   Trial  72/300 | Shots: 5000 | Mean: 4937.2±301.7 | Time: 0.01s | ETA: 0.1m
2025-11-01 10:03:42,350 |   Trial  73/300 | Shots: 5000 | Mean: 4938.1±299.7 | Time: 0.02s | ETA: 0.1m
2025-11-01 10:03:42,381 |   Trial  74/300 | Shots: 5000 | Mean: 4938.9±297.8 | Time: 0.03s | ETA: 0.1m
2025-11-01 10:03:42,400 |   Trial  75/300 | Shots: 5000 | Mean: 4939.7±295.9 | Time: 0.02s | ETA: 0.1m
2025-11-01 10:03:42,416 |   Trial  76/300 | Shots: 5000 | Mean: 4940.5±294.0 | Time: 0.02s | ETA: 0.1m
2025-11-01 10:03:42,427 |   Trial  77/300 | Shots: 5000 | Mean: 4941.3±292.2 | Time: 0.01s | ETA: 0.1m
2025-11-01 10:03:42,439 |   Trial  78/300 | Shots: 5000 | Mean: 4942.1±290.4 | Time: 0.01s | ETA: 0.1m
2025-11-01 10:03:42,449 |   Trial  79/300 | Shots: 5000 | Mean: 4942.8±288.6 | Time: 0.01s | ETA: 0.1m
2025-11-01 10:03:42,476 |   Trial  80/300 | Shots: 5000 | Mean: 4943.5±286.9 | Time: 0.03s | ETA: 0.1m
2025-11-01 10:03:42,498 |   Trial  81/300 | Shots: 5000 | Mean: 4944.2±285.2 | Time: 0.02s | ETA: 0.1m
2025-11-01 10:03:42,519 |   Trial  82/300 | Shots: 5000 | Mean: 4944.9±283.5 | Time: 0.02s | ETA: 0.1m
2025-11-01 10:03:42,528 |   Trial  83/300 | Shots: 5000 | Mean: 4945.5±281.8 | Time: 0.01s | ETA: 0.1m
2025-11-01 10:03:42,551 |   Trial  84/300 | Shots: 5000 | Mean: 4946.2±280.2 | Time: 0.02s | ETA: 0.1m
2025-11-01 10:03:42,562 |   Trial  85/300 | Shots: 5000 | Mean: 4946.8±278.6 | Time: 0.01s | ETA: 0.1m
2025-11-01 10:03:42,570 |   Trial  86/300 | Shots: 5000 | Mean: 4947.4±277.0 | Time: 0.01s | ETA: 0.1m
2025-11-01 10:03:42,592 |   Trial  87/300 | Shots: 5000 | Mean: 4948.0±275.5 | Time: 0.02s | ETA: 0.1m
2025-11-01 10:03:42,619 |   Trial  88/300 | Shots: 5000 | Mean: 4948.6±274.0 | Time: 0.03s | ETA: 0.1m
2025-11-01 10:03:42,641 |   Trial  89/300 | Shots: 5000 | Mean: 4949.2±272.5 | Time: 0.02s | ETA: 0.1m
2025-11-01 10:03:42,668 |   Trial  90/300 | Shots: 5000 | Mean: 4949.8±271.0 | Time: 0.03s | ETA: 0.1m
2025-11-01 10:03:42,692 |   Trial  91/300 | Shots: 5000 | Mean: 4950.3±269.6 | Time: 0.02s | ETA: 0.1m
2025-11-01 10:03:42,702 |   Trial  92/300 | Shots: 5000 | Mean: 4950.9±268.2 | Time: 0.01s | ETA: 0.1m
2025-11-01 10:03:42,718 |   Trial  93/300 | Shots: 5000 | Mean: 4951.4±266.8 | Time: 0.02s | ETA: 0.1m
2025-11-01 10:03:42,729 |   Trial  94/300 | Shots: 5000 | Mean: 4951.9±265.4 | Time: 0.01s | ETA: 0.1m
2025-11-01 10:03:42,747 |   Trial  95/300 | Shots: 5000 | Mean: 4952.4±264.0 | Time: 0.02s | ETA: 0.1m
2025-11-01 10:03:42,763 |   Trial  96/300 | Shots: 5000 | Mean: 4952.9±262.7 | Time: 0.02s | ETA: 0.1m
2025-11-01 10:03:42,780 |   Trial  97/300 | Shots: 4608 | Mean: 4949.4±263.7 | Time: 0.02s | ETA: 0.1m
2025-11-01 10:03:42,806 |   Trial  98/300 | Shots: 5000 | Mean: 4949.9±262.4 | Time: 0.03s | ETA: 0.1m
2025-11-01 10:03:42,833 |   Trial  99/300 | Shots: 5000 | Mean: 4950.4±261.1 | Time: 0.03s | ETA: 0.1m
2025-11-01 10:03:42,864 |   Trial 100/300 | Shots: 5000 | Mean: 4950.9±259.8 | Time: 0.03s | ETA: 0.1m
2025-11-01 10:03:42,882 |   Trial 101/300 | Shots: 5000 | Mean: 4951.4±258.6 | Time: 0.02s | ETA: 0.1m
2025-11-01 10:03:42,904 |   Trial 102/300 | Shots: 4864 | Mean: 4950.5±257.5 | Time: 0.02s | ETA: 0.1m
2025-11-01 10:03:42,928 |   Trial 103/300 | Shots: 5000 | Mean: 4951.0±256.2 | Time: 0.02s | ETA: 0.1m
2025-11-01 10:03:42,943 |   Trial 104/300 | Shots: 5000 | Mean: 4951.5±255.1 | Time: 0.01s | ETA: 0.1m
2025-11-01 10:03:42,967 |   Trial 105/300 | Shots: 5000 | Mean: 4951.9±253.9 | Time: 0.02s | ETA: 0.1m
2025-11-01 10:03:42,991 |   Trial 106/300 | Shots: 5000 | Mean: 4952.4±252.7 | Time: 0.02s | ETA: 0.1m
2025-11-01 10:03:43,011 |   Trial 107/300 | Shots: 5000 | Mean: 4952.8±251.6 | Time: 0.02s | ETA: 0.1m
2025-11-01 10:03:43,024 |   Trial 108/300 | Shots: 5000 | Mean: 4953.3±250.5 | Time: 0.01s | ETA: 0.1m
2025-11-01 10:03:43,041 |   Trial 109/300 | Shots: 5000 | Mean: 4953.7±249.3 | Time: 0.02s | ETA: 0.1m
2025-11-01 10:03:43,057 |   Trial 110/300 | Shots: 5000 | Mean: 4954.1±248.3 | Time: 0.02s | ETA: 0.1m
2025-11-01 10:03:43,065 |   Trial 111/300 | Shots: 5000 | Mean: 4954.5±247.2 | Time: 0.01s | ETA: 0.1m
2025-11-01 10:03:43,083 |   Trial 112/300 | Shots: 5000 | Mean: 4954.9±246.1 | Time: 0.02s | ETA: 0.1m
2025-11-01 10:03:43,100 |   Trial 113/300 | Shots: 5000 | Mean: 4955.3±245.0 | Time: 0.02s | ETA: 0.1m
2025-11-01 10:03:43,111 |   Trial 114/300 | Shots: 5000 | Mean: 4955.7±244.0 | Time: 0.01s | ETA: 0.1m
2025-11-01 10:03:43,130 |   Trial 115/300 | Shots: 5000 | Mean: 4956.1±243.0 | Time: 0.02s | ETA: 0.1m
2025-11-01 10:03:43,150 |   Trial 116/300 | Shots: 5000 | Mean: 4956.5±242.0 | Time: 0.02s | ETA: 0.1m
2025-11-01 10:03:43,163 |   Trial 117/300 | Shots: 5000 | Mean: 4956.9±241.0 | Time: 0.01s | ETA: 0.1m
2025-11-01 10:03:43,173 |   Trial 118/300 | Shots: 5000 | Mean: 4957.2±240.0 | Time: 0.01s | ETA: 0.1m
2025-11-01 10:03:43,181 |   Trial 119/300 | Shots: 5000 | Mean: 4957.6±239.0 | Time: 0.01s | ETA: 0.1m
2025-11-01 10:03:43,201 |   Trial 120/300 | Shots: 4864 | Mean: 4956.8±238.1 | Time: 0.02s | ETA: 0.1m
2025-11-01 10:03:43,209 |   Trial 121/300 | Shots: 5000 | Mean: 4957.2±237.2 | Time: 0.01s | ETA: 0.1m
2025-11-01 10:03:43,218 |   Trial 122/300 | Shots: 5000 | Mean: 4957.5±236.2 | Time: 0.01s | ETA: 0.1m
2025-11-01 10:03:43,226 |   Trial 123/300 | Shots: 5000 | Mean: 4957.9±235.3 | Time: 0.01s | ETA: 0.1m
2025-11-01 10:03:43,233 |   Trial 124/300 | Shots: 5000 | Mean: 4958.2±234.4 | Time: 0.01s | ETA: 0.1m
2025-11-01 10:03:43,241 |   Trial 125/300 | Shots: 5000 | Mean: 4958.5±233.5 | Time: 0.01s | ETA: 0.1m
2025-11-01 10:03:43,265 |   Trial 126/300 | Shots: 5000 | Mean: 4958.9±232.6 | Time: 0.02s | ETA: 0.1m
2025-11-01 10:03:43,293 |   Trial 127/300 | Shots: 5000 | Mean: 4959.2±231.7 | Time: 0.03s | ETA: 0.1m
2025-11-01 10:03:43,314 |   Trial 128/300 | Shots: 5000 | Mean: 4959.5±230.8 | Time: 0.02s | ETA: 0.1m
2025-11-01 10:03:43,330 |   Trial 129/300 | Shots: 5000 | Mean: 4959.8±229.9 | Time: 0.02s | ETA: 0.1m
2025-11-01 10:03:43,356 |   Trial 130/300 | Shots: 5000 | Mean: 4960.1±229.1 | Time: 0.03s | ETA: 0.1m
2025-11-01 10:03:43,375 |   Trial 131/300 | Shots: 5120 | Mean: 4961.3±228.6 | Time: 0.02s | ETA: 0.1m
2025-11-01 10:03:43,398 |   Trial 132/300 | Shots: 5000 | Mean: 4961.6±227.8 | Time: 0.02s | ETA: 0.1m
2025-11-01 10:03:43,421 |   Trial 133/300 | Shots: 5000 | Mean: 4961.9±227.0 | Time: 0.02s | ETA: 0.1m
2025-11-01 10:03:43,430 |   Trial 134/300 | Shots: 5000 | Mean: 4962.2±226.1 | Time: 0.01s | ETA: 0.1m
2025-11-01 10:03:43,453 |   Trial 135/300 | Shots: 5000 | Mean: 4962.5±225.3 | Time: 0.02s | ETA: 0.1m
2025-11-01 10:03:43,469 |   Trial 136/300 | Shots: 3840 | Mean: 4954.2±244.1 | Time: 0.02s | ETA: 0.1m
2025-11-01 10:03:43,484 |   Trial 137/300 | Shots: 5000 | Mean: 4954.6±243.3 | Time: 0.01s | ETA: 0.1m
2025-11-01 10:03:43,501 |   Trial 138/300 | Shots: 5000 | Mean: 4954.9±242.4 | Time: 0.02s | ETA: 0.1m
2025-11-01 10:03:43,516 |   Trial 139/300 | Shots: 5000 | Mean: 4955.2±241.6 | Time: 0.02s | ETA: 0.1m
2025-11-01 10:03:43,530 |   Trial 140/300 | Shots: 5000 | Mean: 4955.5±240.7 | Time: 0.01s | ETA: 0.1m
2025-11-01 10:03:43,550 |   Trial 141/300 | Shots: 5000 | Mean: 4955.9±239.9 | Time: 0.02s | ETA: 0.1m
2025-11-01 10:03:43,564 |   Trial 142/300 | Shots: 5000 | Mean: 4956.2±239.1 | Time: 0.01s | ETA: 0.1m
2025-11-01 10:03:43,574 |   Trial 143/300 | Shots: 5000 | Mean: 4956.5±238.3 | Time: 0.01s | ETA: 0.1m
2025-11-01 10:03:43,595 |   Trial 144/300 | Shots: 5000 | Mean: 4956.8±237.5 | Time: 0.02s | ETA: 0.1m
2025-11-01 10:03:43,621 |   Trial 145/300 | Shots: 5000 | Mean: 4957.1±236.7 | Time: 0.03s | ETA: 0.1m
2025-11-01 10:03:43,632 |   Trial 146/300 | Shots: 5000 | Mean: 4957.4±235.9 | Time: 0.01s | ETA: 0.1m
2025-11-01 10:03:43,649 |   Trial 147/300 | Shots: 5000 | Mean: 4957.7±235.1 | Time: 0.02s | ETA: 0.1m
2025-11-01 10:03:43,674 |   Trial 148/300 | Shots: 5000 | Mean: 4957.9±234.3 | Time: 0.03s | ETA: 0.1m
2025-11-01 10:03:43,692 |   Trial 149/300 | Shots: 5000 | Mean: 4958.2±233.6 | Time: 0.02s | ETA: 0.1m
2025-11-01 10:03:43,707 |   Trial 150/300 | Shots: 5000 | Mean: 4958.5±232.8 | Time: 0.01s | ETA: 0.1m
2025-11-01 10:03:43,722 |   Trial 151/300 | Shots: 5000 | Mean: 4958.8±232.1 | Time: 0.02s | ETA: 0.1m
2025-11-01 10:03:43,730 |   Trial 152/300 | Shots: 5000 | Mean: 4959.1±231.3 | Time: 0.01s | ETA: 0.1m
2025-11-01 10:03:43,747 |   Trial 153/300 | Shots: 5000 | Mean: 4959.3±230.6 | Time: 0.02s | ETA: 0.1m
2025-11-01 10:03:43,766 |   Trial 154/300 | Shots: 5000 | Mean: 4959.6±229.9 | Time: 0.02s | ETA: 0.1m
2025-11-01 10:03:43,789 |   Trial 155/300 | Shots: 5000 | Mean: 4959.8±229.2 | Time: 0.02s | ETA: 0.1m
2025-11-01 10:03:43,809 |   Trial 156/300 | Shots: 5000 | Mean: 4960.1±228.4 | Time: 0.02s | ETA: 0.1m
2025-11-01 10:03:43,824 |   Trial 157/300 | Shots: 5000 | Mean: 4960.4±227.7 | Time: 0.01s | ETA: 0.1m
2025-11-01 10:03:43,846 |   Trial 158/300 | Shots: 5000 | Mean: 4960.6±227.0 | Time: 0.02s | ETA: 0.1m
2025-11-01 10:03:43,869 |   Trial 159/300 | Shots: 5000 | Mean: 4960.9±226.3 | Time: 0.02s | ETA: 0.1m
2025-11-01 10:03:43,901 |   Trial 160/300 | Shots: 5000 | Mean: 4961.1±225.7 | Time: 0.03s | ETA: 0.1m
2025-11-01 10:03:43,928 |   Trial 161/300 | Shots: 5000 | Mean: 4961.3±225.0 | Time: 0.03s | ETA: 0.1m
2025-11-01 10:03:43,955 |   Trial 162/300 | Shots: 5000 | Mean: 4961.6±224.3 | Time: 0.03s | ETA: 0.1m
2025-11-01 10:03:43,982 |   Trial 163/300 | Shots: 5000 | Mean: 4961.8±223.6 | Time: 0.03s | ETA: 0.0m
2025-11-01 10:03:44,007 |   Trial 164/300 | Shots: 5000 | Mean: 4962.0±223.0 | Time: 0.02s | ETA: 0.0m
2025-11-01 10:03:44,029 |   Trial 165/300 | Shots: 5000 | Mean: 4962.3±222.3 | Time: 0.02s | ETA: 0.0m
2025-11-01 10:03:44,056 |   Trial 166/300 | Shots: 5000 | Mean: 4962.5±221.7 | Time: 0.03s | ETA: 0.0m
2025-11-01 10:03:44,083 |   Trial 167/300 | Shots: 5000 | Mean: 4962.7±221.0 | Time: 0.03s | ETA: 0.0m
2025-11-01 10:03:44,108 |   Trial 168/300 | Shots: 5000 | Mean: 4963.0±220.4 | Time: 0.02s | ETA: 0.0m
2025-11-01 10:03:44,130 |   Trial 169/300 | Shots: 5000 | Mean: 4963.2±219.7 | Time: 0.02s | ETA: 0.0m
2025-11-01 10:03:44,155 |   Trial 170/300 | Shots: 5000 | Mean: 4963.4±219.1 | Time: 0.03s | ETA: 0.0m
2025-11-01 10:03:44,179 |   Trial 171/300 | Shots: 5000 | Mean: 4963.6±218.5 | Time: 0.02s | ETA: 0.0m
2025-11-01 10:03:44,208 |   Trial 172/300 | Shots: 5000 | Mean: 4963.8±217.9 | Time: 0.03s | ETA: 0.0m
2025-11-01 10:03:44,233 |   Trial 173/300 | Shots: 5000 | Mean: 4964.0±217.3 | Time: 0.03s | ETA: 0.0m
2025-11-01 10:03:44,259 |   Trial 174/300 | Shots: 5000 | Mean: 4964.2±216.6 | Time: 0.03s | ETA: 0.0m
2025-11-01 10:03:44,284 |   Trial 175/300 | Shots: 5000 | Mean: 4964.4±216.0 | Time: 0.02s | ETA: 0.0m
2025-11-01 10:03:44,310 |   Trial 176/300 | Shots: 5000 | Mean: 4964.6±215.4 | Time: 0.03s | ETA: 0.0m
2025-11-01 10:03:44,331 |   Trial 177/300 | Shots: 5000 | Mean: 4964.8±214.8 | Time: 0.02s | ETA: 0.0m
2025-11-01 10:03:44,360 |   Trial 178/300 | Shots: 5000 | Mean: 4965.0±214.3 | Time: 0.03s | ETA: 0.0m
2025-11-01 10:03:44,387 |   Trial 179/300 | Shots: 5000 | Mean: 4965.2±213.7 | Time: 0.03s | ETA: 0.0m
2025-11-01 10:03:44,412 |   Trial 180/300 | Shots: 5000 | Mean: 4965.4±213.1 | Time: 0.03s | ETA: 0.0m
2025-11-01 10:03:44,435 |   Trial 181/300 | Shots: 5000 | Mean: 4965.6±212.5 | Time: 0.02s | ETA: 0.0m
2025-11-01 10:03:44,462 |   Trial 182/300 | Shots: 5000 | Mean: 4965.8±212.0 | Time: 0.03s | ETA: 0.0m
2025-11-01 10:03:44,489 |   Trial 183/300 | Shots: 5000 | Mean: 4966.0±211.4 | Time: 0.03s | ETA: 0.0m
2025-11-01 10:03:44,517 |   Trial 184/300 | Shots: 5000 | Mean: 4966.2±210.8 | Time: 0.03s | ETA: 0.0m
2025-11-01 10:03:44,540 |   Trial 185/300 | Shots: 5000 | Mean: 4966.4±210.3 | Time: 0.02s | ETA: 0.0m
2025-11-01 10:03:44,566 |   Trial 186/300 | Shots: 5000 | Mean: 4966.5±209.7 | Time: 0.03s | ETA: 0.0m
2025-11-01 10:03:44,592 |   Trial 187/300 | Shots: 5000 | Mean: 4966.7±209.2 | Time: 0.03s | ETA: 0.0m
2025-11-01 10:03:44,618 |   Trial 188/300 | Shots: 5000 | Mean: 4966.9±208.6 | Time: 0.03s | ETA: 0.0m
2025-11-01 10:03:44,640 |   Trial 189/300 | Shots: 5000 | Mean: 4967.1±208.1 | Time: 0.02s | ETA: 0.0m
2025-11-01 10:03:44,668 |   Trial 190/300 | Shots: 5000 | Mean: 4967.2±207.6 | Time: 0.03s | ETA: 0.0m
2025-11-01 10:03:44,695 |   Trial 191/300 | Shots: 5000 | Mean: 4967.4±207.0 | Time: 0.03s | ETA: 0.0m
2025-11-01 10:03:44,716 |   Trial 192/300 | Shots: 5000 | Mean: 4967.6±206.5 | Time: 0.02s | ETA: 0.0m
2025-11-01 10:03:44,745 |   Trial 193/300 | Shots: 5000 | Mean: 4967.8±206.0 | Time: 0.03s | ETA: 0.0m
2025-11-01 10:03:44,776 |   Trial 194/300 | Shots: 5000 | Mean: 4967.9±205.5 | Time: 0.03s | ETA: 0.0m
2025-11-01 10:03:44,809 |   Trial 195/300 | Shots: 5000 | Mean: 4968.1±204.9 | Time: 0.03s | ETA: 0.0m
2025-11-01 10:03:44,839 |   Trial 196/300 | Shots: 5000 | Mean: 4968.2±204.4 | Time: 0.03s | ETA: 0.0m
2025-11-01 10:03:44,870 |   Trial 197/300 | Shots: 5000 | Mean: 4968.4±203.9 | Time: 0.03s | ETA: 0.0m
2025-11-01 10:03:44,904 |   Trial 198/300 | Shots: 5000 | Mean: 4968.6±203.4 | Time: 0.03s | ETA: 0.0m
2025-11-01 10:03:44,933 |   Trial 199/300 | Shots: 5000 | Mean: 4968.7±202.9 | Time: 0.03s | ETA: 0.0m
2025-11-01 10:03:44,964 |   Trial 200/300 | Shots: 5000 | Mean: 4968.9±202.4 | Time: 0.03s | ETA: 0.0m
2025-11-01 10:03:44,994 |   Trial 201/300 | Shots: 5000 | Mean: 4969.0±201.9 | Time: 0.03s | ETA: 0.0m
2025-11-01 10:03:45,026 |   Trial 202/300 | Shots: 5000 | Mean: 4969.2±201.4 | Time: 0.03s | ETA: 0.0m
2025-11-01 10:03:45,058 |   Trial 203/300 | Shots: 5000 | Mean: 4969.3±201.0 | Time: 0.03s | ETA: 0.0m
2025-11-01 10:03:45,092 |   Trial 204/300 | Shots: 5000 | Mean: 4969.5±200.5 | Time: 0.03s | ETA: 0.0m
2025-11-01 10:03:45,123 |   Trial 205/300 | Shots: 5000 | Mean: 4969.6±200.0 | Time: 0.03s | ETA: 0.0m
2025-11-01 10:03:45,154 |   Trial 206/300 | Shots: 5000 | Mean: 4969.8±199.5 | Time: 0.03s | ETA: 0.0m
2025-11-01 10:03:45,187 |   Trial 207/300 | Shots: 5000 | Mean: 4969.9±199.1 | Time: 0.03s | ETA: 0.0m
2025-11-01 10:03:45,220 |   Trial 208/300 | Shots: 5000 | Mean: 4970.1±198.6 | Time: 0.03s | ETA: 0.0m
2025-11-01 10:03:45,250 |   Trial 209/300 | Shots: 5000 | Mean: 4970.2±198.1 | Time: 0.03s | ETA: 0.0m
2025-11-01 10:03:45,282 |   Trial 210/300 | Shots: 5000 | Mean: 4970.4±197.7 | Time: 0.03s | ETA: 0.0m
2025-11-01 10:03:45,317 |   Trial 211/300 | Shots: 5000 | Mean: 4970.5±197.2 | Time: 0.03s | ETA: 0.0m
2025-11-01 10:03:45,348 |   Trial 212/300 | Shots: 5000 | Mean: 4970.6±196.7 | Time: 0.03s | ETA: 0.0m
2025-11-01 10:03:45,380 |   Trial 213/300 | Shots: 5000 | Mean: 4970.8±196.3 | Time: 0.03s | ETA: 0.0m
2025-11-01 10:03:45,413 |   Trial 214/300 | Shots: 5000 | Mean: 4970.9±195.8 | Time: 0.03s | ETA: 0.0m
2025-11-01 10:03:45,444 |   Trial 215/300 | Shots: 5000 | Mean: 4971.1±195.4 | Time: 0.03s | ETA: 0.0m
2025-11-01 10:03:45,479 |   Trial 216/300 | Shots: 5000 | Mean: 4971.2±195.0 | Time: 0.03s | ETA: 0.0m
2025-11-01 10:03:45,511 |   Trial 217/300 | Shots: 5000 | Mean: 4971.3±194.5 | Time: 0.03s | ETA: 0.0m
2025-11-01 10:03:45,542 |   Trial 218/300 | Shots: 5000 | Mean: 4971.4±194.1 | Time: 0.03s | ETA: 0.0m
2025-11-01 10:03:45,575 |   Trial 219/300 | Shots: 5000 | Mean: 4971.6±193.6 | Time: 0.03s | ETA: 0.0m
2025-11-01 10:03:45,607 |   Trial 220/300 | Shots: 5000 | Mean: 4971.7±193.2 | Time: 0.03s | ETA: 0.0m
2025-11-01 10:03:45,639 |   Trial 221/300 | Shots: 5000 | Mean: 4971.8±192.8 | Time: 0.03s | ETA: 0.0m
2025-11-01 10:03:45,669 |   Trial 222/300 | Shots: 5000 | Mean: 4972.0±192.4 | Time: 0.03s | ETA: 0.0m
2025-11-01 10:03:45,700 |   Trial 223/300 | Shots: 5000 | Mean: 4972.1±191.9 | Time: 0.03s | ETA: 0.0m
2025-11-01 10:03:45,731 |   Trial 224/300 | Shots: 5000 | Mean: 4972.2±191.5 | Time: 0.03s | ETA: 0.0m
2025-11-01 10:03:45,762 |   Trial 225/300 | Shots: 5000 | Mean: 4972.3±191.1 | Time: 0.03s | ETA: 0.0m
2025-11-01 10:03:45,789 |   Trial 226/300 | Shots: 5000 | Mean: 4972.5±190.7 | Time: 0.03s | ETA: 0.0m
2025-11-01 10:03:45,820 |   Trial 227/300 | Shots: 5000 | Mean: 4972.6±190.3 | Time: 0.03s | ETA: 0.0m
2025-11-01 10:03:45,848 |   Trial 228/300 | Shots: 5000 | Mean: 4972.7±189.9 | Time: 0.03s | ETA: 0.0m
2025-11-01 10:03:45,880 |   Trial 229/300 | Shots: 5000 | Mean: 4972.8±189.5 | Time: 0.03s | ETA: 0.0m
2025-11-01 10:03:45,912 |   Trial 230/300 | Shots: 5000 | Mean: 4972.9±189.1 | Time: 0.03s | ETA: 0.0m
2025-11-01 10:03:45,942 |   Trial 231/300 | Shots: 5000 | Mean: 4973.1±188.7 | Time: 0.03s | ETA: 0.0m
2025-11-01 10:03:45,974 |   Trial 232/300 | Shots: 5000 | Mean: 4973.2±188.3 | Time: 0.03s | ETA: 0.0m
2025-11-01 10:03:46,007 |   Trial 233/300 | Shots: 5000 | Mean: 4973.3±187.9 | Time: 0.03s | ETA: 0.0m
2025-11-01 10:03:46,034 |   Trial 234/300 | Shots: 5000 | Mean: 4973.4±187.5 | Time: 0.03s | ETA: 0.0m
2025-11-01 10:03:46,068 |   Trial 235/300 | Shots: 5000 | Mean: 4973.5±187.1 | Time: 0.03s | ETA: 0.0m
2025-11-01 10:03:46,098 |   Trial 236/300 | Shots: 5000 | Mean: 4973.6±186.7 | Time: 0.03s | ETA: 0.0m
2025-11-01 10:03:46,129 |   Trial 237/300 | Shots: 5000 | Mean: 4973.7±186.3 | Time: 0.03s | ETA: 0.0m
2025-11-01 10:03:46,158 |   Trial 238/300 | Shots: 5000 | Mean: 4973.8±185.9 | Time: 0.03s | ETA: 0.0m
2025-11-01 10:03:46,189 |   Trial 239/300 | Shots: 5000 | Mean: 4974.0±185.5 | Time: 0.03s | ETA: 0.0m
2025-11-01 10:03:46,220 |   Trial 240/300 | Shots: 5000 | Mean: 4974.1±185.2 | Time: 0.03s | ETA: 0.0m
2025-11-01 10:03:46,237 |   Trial 241/300 | Shots: 5000 | Mean: 4974.2±184.8 | Time: 0.02s | ETA: 0.0m
2025-11-01 10:03:46,271 |   Trial 242/300 | Shots: 5000 | Mean: 4974.3±184.4 | Time: 0.03s | ETA: 0.0m
2025-11-01 10:03:46,283 |   Trial 243/300 | Shots: 5000 | Mean: 4974.4±184.0 | Time: 0.01s | ETA: 0.0m
2025-11-01 10:03:46,293 |   Trial 244/300 | Shots: 5000 | Mean: 4974.5±183.7 | Time: 0.01s | ETA: 0.0m
2025-11-01 10:03:46,303 |   Trial 245/300 | Shots: 5000 | Mean: 4974.6±183.3 | Time: 0.01s | ETA: 0.0m
2025-11-01 10:03:46,312 |   Trial 246/300 | Shots: 5000 | Mean: 4974.7±182.9 | Time: 0.01s | ETA: 0.0m
2025-11-01 10:03:46,322 |   Trial 247/300 | Shots: 5000 | Mean: 4974.8±182.6 | Time: 0.01s | ETA: 0.0m
2025-11-01 10:03:46,335 |   Trial 248/300 | Shots: 5000 | Mean: 4974.9±182.2 | Time: 0.01s | ETA: 0.0m
2025-11-01 10:03:46,345 |   Trial 249/300 | Shots: 5000 | Mean: 4975.0±181.8 | Time: 0.01s | ETA: 0.0m
2025-11-01 10:03:46,372 |   Trial 250/300 | Shots: 5000 | Mean: 4975.1±181.5 | Time: 0.03s | ETA: 0.0m
2025-11-01 10:03:46,394 |   Trial 251/300 | Shots: 5000 | Mean: 4975.2±181.1 | Time: 0.02s | ETA: 0.0m
2025-11-01 10:03:46,404 |   Trial 252/300 | Shots: 5000 | Mean: 4975.3±180.8 | Time: 0.01s | ETA: 0.0m
2025-11-01 10:03:46,413 |   Trial 253/300 | Shots: 5000 | Mean: 4975.4±180.4 | Time: 0.01s | ETA: 0.0m
2025-11-01 10:03:46,423 |   Trial 254/300 | Shots: 5000 | Mean: 4975.5±180.1 | Time: 0.01s | ETA: 0.0m
2025-11-01 10:03:46,433 |   Trial 255/300 | Shots: 5000 | Mean: 4975.6±179.7 | Time: 0.01s | ETA: 0.0m
2025-11-01 10:03:46,442 |   Trial 256/300 | Shots: 5000 | Mean: 4975.7±179.4 | Time: 0.01s | ETA: 0.0m
2025-11-01 10:03:46,452 |   Trial 257/300 | Shots: 5000 | Mean: 4975.8±179.0 | Time: 0.01s | ETA: 0.0m
2025-11-01 10:03:46,462 |   Trial 258/300 | Shots: 5000 | Mean: 4975.9±178.7 | Time: 0.01s | ETA: 0.0m
2025-11-01 10:03:46,471 |   Trial 259/300 | Shots: 5000 | Mean: 4976.0±178.4 | Time: 0.01s | ETA: 0.0m
2025-11-01 10:03:46,481 |   Trial 260/300 | Shots: 5000 | Mean: 4976.1±178.0 | Time: 0.01s | ETA: 0.0m
2025-11-01 10:03:46,491 |   Trial 261/300 | Shots: 5000 | Mean: 4976.2±177.7 | Time: 0.01s | ETA: 0.0m
2025-11-01 10:03:46,501 |   Trial 262/300 | Shots: 5000 | Mean: 4976.2±177.4 | Time: 0.01s | ETA: 0.0m
2025-11-01 10:03:46,511 |   Trial 263/300 | Shots: 5000 | Mean: 4976.3±177.0 | Time: 0.01s | ETA: 0.0m
2025-11-01 10:03:46,520 |   Trial 264/300 | Shots: 5000 | Mean: 4976.4±176.7 | Time: 0.01s | ETA: 0.0m
2025-11-01 10:03:46,530 |   Trial 265/300 | Shots: 5000 | Mean: 4976.5±176.4 | Time: 0.01s | ETA: 0.0m
2025-11-01 10:03:46,544 |   Trial 266/300 | Shots: 5000 | Mean: 4976.6±176.0 | Time: 0.01s | ETA: 0.0m
2025-11-01 10:03:46,562 |   Trial 267/300 | Shots: 5000 | Mean: 4976.7±175.7 | Time: 0.02s | ETA: 0.0m
2025-11-01 10:03:46,572 |   Trial 268/300 | Shots: 5000 | Mean: 4976.8±175.4 | Time: 0.01s | ETA: 0.0m
2025-11-01 10:03:46,582 |   Trial 269/300 | Shots: 5000 | Mean: 4976.9±175.1 | Time: 0.01s | ETA: 0.0m
2025-11-01 10:03:46,591 |   Trial 270/300 | Shots: 5000 | Mean: 4976.9±174.8 | Time: 0.01s | ETA: 0.0m
2025-11-01 10:03:46,601 |   Trial 271/300 | Shots: 5000 | Mean: 4977.0±174.4 | Time: 0.01s | ETA: 0.0m
2025-11-01 10:03:46,611 |   Trial 272/300 | Shots: 5000 | Mean: 4977.1±174.1 | Time: 0.01s | ETA: 0.0m
2025-11-01 10:03:46,625 |   Trial 273/300 | Shots: 5000 | Mean: 4977.2±173.8 | Time: 0.01s | ETA: 0.0m
2025-11-01 10:03:46,635 |   Trial 274/300 | Shots: 5000 | Mean: 4977.3±173.5 | Time: 0.01s | ETA: 0.0m
2025-11-01 10:03:46,644 |   Trial 275/300 | Shots: 5000 | Mean: 4977.4±173.2 | Time: 0.01s | ETA: 0.0m
2025-11-01 10:03:46,654 |   Trial 276/300 | Shots: 5000 | Mean: 4977.4±172.9 | Time: 0.01s | ETA: 0.0m
2025-11-01 10:03:46,664 |   Trial 277/300 | Shots: 5000 | Mean: 4977.5±172.6 | Time: 0.01s | ETA: 0.0m
2025-11-01 10:03:46,674 |   Trial 278/300 | Shots: 5000 | Mean: 4977.6±172.3 | Time: 0.01s | ETA: 0.0m
2025-11-01 10:03:46,683 |   Trial 279/300 | Shots: 5000 | Mean: 4977.7±172.0 | Time: 0.01s | ETA: 0.0m
2025-11-01 10:03:46,693 |   Trial 280/300 | Shots: 5000 | Mean: 4977.8±171.7 | Time: 0.01s | ETA: 0.0m
2025-11-01 10:03:46,707 |   Trial 281/300 | Shots: 5000 | Mean: 4977.9±171.4 | Time: 0.01s | ETA: 0.0m
2025-11-01 10:03:46,724 |   Trial 282/300 | Shots: 5000 | Mean: 4977.9±171.1 | Time: 0.02s | ETA: 0.0m
2025-11-01 10:03:46,740 |   Trial 283/300 | Shots: 5000 | Mean: 4978.0±170.8 | Time: 0.02s | ETA: 0.0m
2025-11-01 10:03:46,750 |   Trial 284/300 | Shots: 5000 | Mean: 4978.1±170.5 | Time: 0.01s | ETA: 0.0m
2025-11-01 10:03:46,760 |   Trial 285/300 | Shots: 5000 | Mean: 4978.2±170.2 | Time: 0.01s | ETA: 0.0m
2025-11-01 10:03:46,770 |   Trial 286/300 | Shots: 5000 | Mean: 4978.2±169.9 | Time: 0.01s | ETA: 0.0m
2025-11-01 10:03:46,779 |   Trial 287/300 | Shots: 5000 | Mean: 4978.3±169.6 | Time: 0.01s | ETA: 0.0m
2025-11-01 10:03:46,789 |   Trial 288/300 | Shots: 5000 | Mean: 4978.4±169.3 | Time: 0.01s | ETA: 0.0m
2025-11-01 10:03:46,797 |   Trial 289/300 | Shots: 4352 | Mean: 4976.2±173.0 | Time: 0.01s | ETA: 0.0m
2025-11-01 10:03:46,807 |   Trial 290/300 | Shots: 5120 | Mean: 4976.7±172.9 | Time: 0.01s | ETA: 0.0m
2025-11-01 10:03:46,817 |   Trial 291/300 | Shots: 5000 | Mean: 4976.8±172.6 | Time: 0.01s | ETA: 0.0m
2025-11-01 10:03:46,826 |   Trial 292/300 | Shots: 5000 | Mean: 4976.9±172.3 | Time: 0.01s | ETA: 0.0m
2025-11-01 10:03:46,836 |   Trial 293/300 | Shots: 5000 | Mean: 4977.0±172.0 | Time: 0.01s | ETA: 0.0m
2025-11-01 10:03:46,846 |   Trial 294/300 | Shots: 5000 | Mean: 4977.0±171.7 | Time: 0.01s | ETA: 0.0m
2025-11-01 10:03:46,855 |   Trial 295/300 | Shots: 5000 | Mean: 4977.1±171.4 | Time: 0.01s | ETA: 0.0m
2025-11-01 10:03:46,865 |   Trial 296/300 | Shots: 5000 | Mean: 4977.2±171.1 | Time: 0.01s | ETA: 0.0m
2025-11-01 10:03:46,875 |   Trial 297/300 | Shots: 5000 | Mean: 4977.3±170.9 | Time: 0.01s | ETA: 0.0m
2025-11-01 10:03:46,884 |   Trial 298/300 | Shots: 5000 | Mean: 4977.3±170.6 | Time: 0.01s | ETA: 0.0m
2025-11-01 10:03:46,894 |   Trial 299/300 | Shots: 5000 | Mean: 4977.4±170.3 | Time: 0.01s | ETA: 0.0m
2025-11-01 10:03:46,903 |   Trial 300/300 | Shots: 5000 | Mean: 4977.5±170.0 | Time: 0.01s | ETA: 0.0m
2025-11-01 10:03:46,903 |   FINAL — Mean shots (uniform): 4977.5 ± 170.0
2025-11-01 10:03:46,904 | 
Running VRA prior trials...
2025-11-01 10:03:46,905 |   Trial   1/300 | Shots:  512 | Mean: 512.0±0.0 | Time: 0.00s | ETA: 0.0m
2025-11-01 10:03:46,907 |   Trial   2/300 | Shots: 1024 | Mean: 768.0±256.0 | Time: 0.00s | ETA: 0.0m
2025-11-01 10:03:46,909 |   Trial   3/300 | Shots: 1024 | Mean: 853.3±241.4 | Time: 0.00s | ETA: 0.0m
2025-11-01 10:03:46,911 |   Trial   4/300 | Shots: 1024 | Mean: 896.0±221.7 | Time: 0.00s | ETA: 0.0m
2025-11-01 10:03:46,921 |   Trial   5/300 | Shots: 5000 | Mean: 1716.8±1653.5 | Time: 0.01s | ETA: 0.0m
2025-11-01 10:03:46,922 |   Trial   6/300 | Shots:  512 | Mean: 1516.0±1574.8 | Time: 0.00s | ETA: 0.0m
2025-11-01 10:03:46,931 |   Trial   7/300 | Shots: 5000 | Mean: 2013.7±1900.6 | Time: 0.01s | ETA: 0.0m
2025-11-01 10:03:46,934 |   Trial   8/300 | Shots: 1280 | Mean: 1922.0±1794.3 | Time: 0.00s | ETA: 0.0m
2025-11-01 10:03:46,935 |   Trial   9/300 | Shots:  256 | Mean: 1736.9±1770.8 | Time: 0.00s | ETA: 0.0m
2025-11-01 10:03:46,936 |   Trial  10/300 | Shots:  512 | Mean: 1614.4±1719.7 | Time: 0.00s | ETA: 0.0m
2025-11-01 10:03:46,938 |   Trial  11/300 | Shots: 1024 | Mean: 1560.7±1648.4 | Time: 0.00s | ETA: 0.0m
2025-11-01 10:03:46,939 |   Trial  12/300 | Shots:  512 | Mean: 1473.3±1604.6 | Time: 0.00s | ETA: 0.0m
2025-11-01 10:03:46,941 |   Trial  13/300 | Shots: 1280 | Mean: 1458.5±1542.5 | Time: 0.00s | ETA: 0.0m
2025-11-01 10:03:46,947 |   Trial  14/300 | Shots: 3072 | Mean: 1573.7±1543.4 | Time: 0.01s | ETA: 0.0m
2025-11-01 10:03:46,948 |   Trial  15/300 | Shots:  256 | Mean: 1485.9±1526.9 | Time: 0.00s | ETA: 0.0m
2025-11-01 10:03:46,951 |   Trial  16/300 | Shots: 1536 | Mean: 1489.0±1478.5 | Time: 0.00s | ETA: 0.0m
2025-11-01 10:03:46,953 |   Trial  17/300 | Shots: 1280 | Mean: 1476.7±1435.2 | Time: 0.00s | ETA: 0.0m
2025-11-01 10:03:46,955 |   Trial  18/300 | Shots:  768 | Mean: 1437.3±1404.1 | Time: 0.00s | ETA: 0.0m
2025-11-01 10:03:46,957 |   Trial  19/300 | Shots: 1024 | Mean: 1415.6±1369.8 | Time: 0.00s | ETA: 0.0m
2025-11-01 10:03:46,960 |   Trial  20/300 | Shots: 1792 | Mean: 1434.4±1337.6 | Time: 0.00s | ETA: 0.0m
2025-11-01 10:03:46,963 |   Trial  21/300 | Shots: 1024 | Mean: 1414.9±1308.3 | Time: 0.00s | ETA: 0.0m
2025-11-01 10:03:46,964 |   Trial  22/300 | Shots:  768 | Mean: 1385.5±1285.3 | Time: 0.00s | ETA: 0.0m
2025-11-01 10:03:46,974 |   Trial  23/300 | Shots: 5000 | Mean: 1542.6±1457.2 | Time: 0.01s | ETA: 0.0m
2025-11-01 10:03:46,984 |   Trial  24/300 | Shots: 5000 | Mean: 1686.7±1585.1 | Time: 0.01s | ETA: 0.0m
2025-11-01 10:03:46,986 |   Trial  25/300 | Shots: 1024 | Mean: 1660.2±1558.4 | Time: 0.00s | ETA: 0.0m
2025-11-01 10:03:46,986 |   Trial  26/300 | Shots:  256 | Mean: 1606.2±1551.9 | Time: 0.00s | ETA: 0.0m
2025-11-01 10:03:46,996 |   Trial  27/300 | Shots: 5000 | Mean: 1731.9±1652.2 | Time: 0.01s | ETA: 0.0m
2025-11-01 10:03:47,006 |   Trial  28/300 | Shots: 5000 | Mean: 1848.6±1732.1 | Time: 0.01s | ETA: 0.0m
2025-11-01 10:03:47,006 |   Trial  29/300 | Shots:  256 | Mean: 1793.7±1726.6 | Time: 0.00s | ETA: 0.0m
2025-11-01 10:03:47,016 |   Trial  30/300 | Shots: 5000 | Mean: 1900.5±1792.5 | Time: 0.01s | ETA: 0.0m
2025-11-01 10:03:47,017 |   Trial  31/300 | Shots:  512 | Mean: 1855.7±1780.3 | Time: 0.00s | ETA: 0.0m
2025-11-01 10:03:47,027 |   Trial  32/300 | Shots: 5000 | Mean: 1954.0±1835.7 | Time: 0.01s | ETA: 0.0m
2025-11-01 10:03:47,027 |   Trial  33/300 | Shots:  256 | Mean: 1902.5±1831.0 | Time: 0.00s | ETA: 0.0m
2025-11-01 10:03:47,031 |   Trial  34/300 | Shots: 2048 | Mean: 1906.8±1804.0 | Time: 0.00s | ETA: 0.0m
2025-11-01 10:03:47,032 |   Trial  35/300 | Shots:  512 | Mean: 1867.0±1793.2 | Time: 0.00s | ETA: 0.0m
2025-11-01 10:03:47,034 |   Trial  36/300 | Shots:  512 | Mean: 1829.3±1782.1 | Time: 0.00s | ETA: 0.0m
2025-11-01 10:03:47,034 |   Trial  37/300 | Shots:  256 | Mean: 1786.8±1776.2 | Time: 0.00s | ETA: 0.0m
2025-11-01 10:03:47,037 |   Trial  38/300 | Shots: 1536 | Mean: 1780.2±1753.2 | Time: 0.00s | ETA: 0.0m
2025-11-01 10:03:47,046 |   Trial  39/300 | Shots: 4352 | Mean: 1846.2±1777.6 | Time: 0.01s | ETA: 0.0m
2025-11-01 10:03:47,060 |   Trial  40/300 | Shots: 2560 | Mean: 1864.0±1758.8 | Time: 0.01s | ETA: 0.0m
2025-11-01 10:03:47,062 |   Trial  41/300 | Shots:  768 | Mean: 1837.3±1745.4 | Time: 0.00s | ETA: 0.0m
2025-11-01 10:03:47,072 |   Trial  42/300 | Shots: 5000 | Mean: 1912.6±1790.7 | Time: 0.01s | ETA: 0.0m
2025-11-01 10:03:47,074 |   Trial  43/300 | Shots:  512 | Mean: 1880.0±1782.3 | Time: 0.00s | ETA: 0.0m
2025-11-01 10:03:47,082 |   Trial  44/300 | Shots: 1024 | Mean: 1860.5±1766.5 | Time: 0.01s | ETA: 0.0m
2025-11-01 10:03:47,085 |   Trial  45/300 | Shots:  768 | Mean: 1836.3±1754.2 | Time: 0.00s | ETA: 0.0m
2025-11-01 10:03:47,087 |   Trial  46/300 | Shots: 1024 | Mean: 1818.6±1739.1 | Time: 0.00s | ETA: 0.0m
2025-11-01 10:03:47,089 |   Trial  47/300 | Shots:  512 | Mean: 1790.8±1730.8 | Time: 0.00s | ETA: 0.0m
2025-11-01 10:03:47,095 |   Trial  48/300 | Shots: 1024 | Mean: 1774.8±1716.1 | Time: 0.01s | ETA: 0.0m
2025-11-01 10:03:47,101 |   Trial  49/300 | Shots:  768 | Mean: 1754.3±1704.5 | Time: 0.01s | ETA: 0.0m
2025-11-01 10:03:47,112 |   Trial  50/300 | Shots: 1792 | Mean: 1755.0±1687.4 | Time: 0.01s | ETA: 0.0m
2025-11-01 10:03:47,115 |   Trial  51/300 | Shots:  512 | Mean: 1730.7±1679.6 | Time: 0.00s | ETA: 0.0m
2025-11-01 10:03:47,118 |   Trial  52/300 | Shots:  512 | Mean: 1707.2±1671.8 | Time: 0.00s | ETA: 0.0m
2025-11-01 10:03:47,122 |   Trial  53/300 | Shots:  512 | Mean: 1684.7±1663.9 | Time: 0.00s | ETA: 0.0m
2025-11-01 10:03:47,128 |   Trial  54/300 | Shots: 1024 | Mean: 1672.4±1650.8 | Time: 0.01s | ETA: 0.0m
2025-11-01 10:03:47,130 |   Trial  55/300 | Shots:  512 | Mean: 1651.3±1643.1 | Time: 0.00s | ETA: 0.0m
2025-11-01 10:03:47,132 |   Trial  56/300 | Shots: 1024 | Mean: 1640.1±1630.5 | Time: 0.00s | ETA: 0.0m
2025-11-01 10:03:47,133 |   Trial  57/300 | Shots:  512 | Mean: 1620.4±1622.9 | Time: 0.00s | ETA: 0.0m
2025-11-01 10:03:47,156 |   Trial  58/300 | Shots: 3328 | Mean: 1649.8±1624.1 | Time: 0.02s | ETA: 0.0m
2025-11-01 10:03:47,170 |   Trial  59/300 | Shots: 2048 | Mean: 1656.5±1611.1 | Time: 0.01s | ETA: 0.0m
2025-11-01 10:03:47,182 |   Trial  60/300 | Shots: 2304 | Mean: 1667.3±1599.8 | Time: 0.01s | ETA: 0.0m
2025-11-01 10:03:47,195 |   Trial  61/300 | Shots: 1536 | Mean: 1665.2±1586.7 | Time: 0.01s | ETA: 0.0m
2025-11-01 10:03:47,197 |   Trial  62/300 | Shots:  512 | Mean: 1646.6±1580.5 | Time: 0.00s | ETA: 0.0m
2025-11-01 10:03:47,205 |   Trial  63/300 | Shots: 3840 | Mean: 1681.4±1591.7 | Time: 0.01s | ETA: 0.0m
2025-11-01 10:03:47,209 |   Trial  64/300 | Shots: 1792 | Mean: 1683.1±1579.3 | Time: 0.00s | ETA: 0.0m
2025-11-01 10:03:47,209 |   Trial  65/300 | Shots:  256 | Mean: 1661.2±1576.9 | Time: 0.00s | ETA: 0.0m
2025-11-01 10:03:47,211 |   Trial  66/300 | Shots: 1024 | Mean: 1651.5±1566.9 | Time: 0.00s | ETA: 0.0m
2025-11-01 10:03:47,215 |   Trial  67/300 | Shots: 1792 | Mean: 1653.6±1555.2 | Time: 0.00s | ETA: 0.0m
2025-11-01 10:03:47,219 |   Trial  68/300 | Shots: 2304 | Mean: 1663.2±1545.7 | Time: 0.00s | ETA: 0.0m
2025-11-01 10:03:47,221 |   Trial  69/300 | Shots:  768 | Mean: 1650.2±1538.2 | Time: 0.00s | ETA: 0.0m
2025-11-01 10:03:47,223 |   Trial  70/300 | Shots:  768 | Mean: 1637.6±1530.8 | Time: 0.00s | ETA: 0.0m
2025-11-01 10:03:47,233 |   Trial  71/300 | Shots: 4608 | Mean: 1679.4±1559.7 | Time: 0.01s | ETA: 0.0m
2025-11-01 10:03:47,238 |   Trial  72/300 | Shots: 2560 | Mean: 1691.7±1552.3 | Time: 0.01s | ETA: 0.0m
2025-11-01 10:03:47,241 |   Trial  73/300 | Shots: 1536 | Mean: 1689.5±1541.7 | Time: 0.00s | ETA: 0.0m
2025-11-01 10:03:47,245 |   Trial  74/300 | Shots: 1536 | Mean: 1687.5±1531.4 | Time: 0.00s | ETA: 0.0m
2025-11-01 10:03:47,248 |   Trial  75/300 | Shots: 1792 | Mean: 1688.9±1521.2 | Time: 0.00s | ETA: 0.0m
2025-11-01 10:03:47,250 |   Trial  76/300 | Shots:  768 | Mean: 1676.7±1514.8 | Time: 0.00s | ETA: 0.0m
2025-11-01 10:03:47,251 |   Trial  77/300 | Shots:  512 | Mean: 1661.6±1510.7 | Time: 0.00s | ETA: 0.0m
2025-11-01 10:03:47,258 |   Trial  78/300 | Shots: 3840 | Mean: 1689.5±1520.8 | Time: 0.01s | ETA: 0.0m
2025-11-01 10:03:47,259 |   Trial  79/300 | Shots:  512 | Mean: 1674.6±1516.9 | Time: 0.00s | ETA: 0.0m
2025-11-01 10:03:47,266 |   Trial  80/300 | Shots: 3584 | Mean: 1698.5±1522.2 | Time: 0.01s | ETA: 0.0m
2025-11-01 10:03:47,267 |   Trial  81/300 | Shots:  256 | Mean: 1680.7±1521.2 | Time: 0.00s | ETA: 0.0m
2025-11-01 10:03:47,276 |   Trial  82/300 | Shots: 5000 | Mean: 1721.2±1555.1 | Time: 0.01s | ETA: 0.0m
2025-11-01 10:03:47,283 |   Trial  83/300 | Shots: 3328 | Mean: 1740.5±1555.7 | Time: 0.01s | ETA: 0.0m
2025-11-01 10:03:47,284 |   Trial  84/300 | Shots:  768 | Mean: 1729.0±1550.0 | Time: 0.00s | ETA: 0.0m
2025-11-01 10:03:47,291 |   Trial  85/300 | Shots: 3584 | Mean: 1750.8±1553.7 | Time: 0.01s | ETA: 0.0m
2025-11-01 10:03:47,296 |   Trial  86/300 | Shots: 2304 | Mean: 1757.2±1545.8 | Time: 0.00s | ETA: 0.0m
2025-11-01 10:03:47,297 |   Trial  87/300 | Shots:  512 | Mean: 1742.9±1542.6 | Time: 0.00s | ETA: 0.0m
2025-11-01 10:03:47,298 |   Trial  88/300 | Shots:  512 | Mean: 1728.9±1539.4 | Time: 0.00s | ETA: 0.0m
2025-11-01 10:03:47,302 |   Trial  89/300 | Shots: 2304 | Mean: 1735.4±1531.9 | Time: 0.00s | ETA: 0.0m
2025-11-01 10:03:47,303 |   Trial  90/300 | Shots:  512 | Mean: 1721.8±1528.8 | Time: 0.00s | ETA: 0.0m
2025-11-01 10:03:47,304 |   Trial  91/300 | Shots:  512 | Mean: 1708.5±1525.6 | Time: 0.00s | ETA: 0.0m
2025-11-01 10:03:47,308 |   Trial  92/300 | Shots:  768 | Mean: 1698.3±1520.4 | Time: 0.00s | ETA: 0.0m
2025-11-01 10:03:47,321 |   Trial  93/300 | Shots: 3328 | Mean: 1715.8±1521.5 | Time: 0.01s | ETA: 0.0m
2025-11-01 10:03:47,323 |   Trial  94/300 | Shots:  768 | Mean: 1705.7±1516.5 | Time: 0.00s | ETA: 0.0m
2025-11-01 10:03:47,325 |   Trial  95/300 | Shots:  512 | Mean: 1693.1±1513.4 | Time: 0.00s | ETA: 0.0m
2025-11-01 10:03:47,335 |   Trial  96/300 | Shots: 4864 | Mean: 1726.2±1539.5 | Time: 0.01s | ETA: 0.0m
2025-11-01 10:03:47,338 |   Trial  97/300 | Shots: 1536 | Mean: 1724.2±1531.7 | Time: 0.00s | ETA: 0.0m
2025-11-01 10:03:47,341 |   Trial  98/300 | Shots: 1792 | Mean: 1724.9±1523.9 | Time: 0.00s | ETA: 0.0m
2025-11-01 10:03:47,344 |   Trial  99/300 | Shots: 1280 | Mean: 1720.4±1516.8 | Time: 0.00s | ETA: 0.0m
2025-11-01 10:03:47,345 |   Trial 100/300 | Shots:  512 | Mean: 1708.3±1514.0 | Time: 0.00s | ETA: 0.0m
2025-11-01 10:03:47,348 |   Trial 101/300 | Shots: 1536 | Mean: 1706.6±1506.6 | Time: 0.00s | ETA: 0.0m
2025-11-01 10:03:47,349 |   Trial 102/300 | Shots:  512 | Mean: 1694.9±1503.8 | Time: 0.00s | ETA: 0.0m
2025-11-01 10:03:47,359 |   Trial 103/300 | Shots: 5000 | Mean: 1727.0±1531.2 | Time: 0.01s | ETA: 0.0m
2025-11-01 10:03:47,362 |   Trial 104/300 | Shots: 1536 | Mean: 1725.2±1523.9 | Time: 0.00s | ETA: 0.0m
2025-11-01 10:03:47,363 |   Trial 105/300 | Shots:  768 | Mean: 1716.0±1519.5 | Time: 0.00s | ETA: 0.0m
2025-11-01 10:03:47,365 |   Trial 106/300 | Shots:  512 | Mean: 1704.7±1516.8 | Time: 0.00s | ETA: 0.0m
2025-11-01 10:03:47,366 |   Trial 107/300 | Shots:  512 | Mean: 1693.5±1514.0 | Time: 0.00s | ETA: 0.0m
2025-11-01 10:03:47,367 |   Trial 108/300 | Shots:  768 | Mean: 1685.0±1509.6 | Time: 0.00s | ETA: 0.0m
2025-11-01 10:03:47,369 |   Trial 109/300 | Shots:  768 | Mean: 1676.6±1505.2 | Time: 0.00s | ETA: 0.0m
2025-11-01 10:03:47,370 |   Trial 110/300 | Shots:  768 | Mean: 1668.3±1500.8 | Time: 0.00s | ETA: 0.0m
2025-11-01 10:03:47,372 |   Trial 111/300 | Shots: 1024 | Mean: 1662.5±1495.3 | Time: 0.00s | ETA: 0.0m
2025-11-01 10:03:47,375 |   Trial 112/300 | Shots: 1024 | Mean: 1656.8±1489.8 | Time: 0.00s | ETA: 0.0m
2025-11-01 10:03:47,380 |   Trial 113/300 | Shots: 2816 | Mean: 1667.0±1487.2 | Time: 0.01s | ETA: 0.0m
2025-11-01 10:03:47,381 |   Trial 114/300 | Shots:  256 | Mean: 1654.7±1486.5 | Time: 0.00s | ETA: 0.0m
2025-11-01 10:03:47,383 |   Trial 115/300 | Shots: 1024 | Mean: 1649.2±1481.1 | Time: 0.00s | ETA: 0.0m
2025-11-01 10:03:47,392 |   Trial 116/300 | Shots: 5000 | Mean: 1678.1±1506.9 | Time: 0.01s | ETA: 0.0m
2025-11-01 10:03:47,393 |   Trial 117/300 | Shots:  512 | Mean: 1668.1±1504.3 | Time: 0.00s | ETA: 0.0m
2025-11-01 10:03:47,395 |   Trial 118/300 | Shots:  768 | Mean: 1660.5±1500.2 | Time: 0.00s | ETA: 0.0m
2025-11-01 10:03:47,405 |   Trial 119/300 | Shots: 5000 | Mean: 1688.5±1524.7 | Time: 0.01s | ETA: 0.0m
2025-11-01 10:03:47,414 |   Trial 120/300 | Shots: 4864 | Mean: 1715.0±1545.5 | Time: 0.01s | ETA: 0.0m
2025-11-01 10:03:47,424 |   Trial 121/300 | Shots: 5000 | Mean: 1742.1±1567.6 | Time: 0.01s | ETA: 0.0m
2025-11-01 10:03:47,425 |   Trial 122/300 | Shots:  768 | Mean: 1734.2±1563.6 | Time: 0.00s | ETA: 0.0m
2025-11-01 10:03:47,427 |   Trial 123/300 | Shots:  768 | Mean: 1726.3±1559.6 | Time: 0.00s | ETA: 0.0m
2025-11-01 10:03:47,427 |   Trial 124/300 | Shots:  256 | Mean: 1714.5±1558.9 | Time: 0.00s | ETA: 0.0m
2025-11-01 10:03:47,431 |   Trial 125/300 | Shots: 1536 | Mean: 1713.0±1552.7 | Time: 0.00s | ETA: 0.0m
2025-11-01 10:03:47,432 |   Trial 126/300 | Shots:  512 | Mean: 1703.5±1550.2 | Time: 0.00s | ETA: 0.0m
2025-11-01 10:03:47,436 |   Trial 127/300 | Shots: 2048 | Mean: 1706.2±1544.4 | Time: 0.00s | ETA: 0.0m
2025-11-01 10:03:47,436 |   Trial 128/300 | Shots:  256 | Mean: 1694.9±1543.7 | Time: 0.00s | ETA: 0.0m
2025-11-01 10:03:47,438 |   Trial 129/300 | Shots:  768 | Mean: 1687.7±1539.8 | Time: 0.00s | ETA: 0.0m
2025-11-01 10:03:47,447 |   Trial 130/300 | Shots: 5000 | Mean: 1713.2±1560.9 | Time: 0.01s | ETA: 0.0m
2025-11-01 10:03:47,450 |   Trial 131/300 | Shots: 1024 | Mean: 1707.9±1556.1 | Time: 0.00s | ETA: 0.0m
2025-11-01 10:03:47,450 |   Trial 132/300 | Shots:  256 | Mean: 1696.9±1555.3 | Time: 0.00s | ETA: 0.0m
2025-11-01 10:03:47,455 |   Trial 133/300 | Shots: 2560 | Mean: 1703.4±1551.3 | Time: 0.00s | ETA: 0.0m
2025-11-01 10:03:47,461 |   Trial 134/300 | Shots: 2816 | Mean: 1711.7±1548.4 | Time: 0.01s | ETA: 0.0m
2025-11-01 10:03:47,465 |   Trial 135/300 | Shots: 2048 | Mean: 1714.2±1542.9 | Time: 0.00s | ETA: 0.0m
2025-11-01 10:03:47,473 |   Trial 136/300 | Shots: 4608 | Mean: 1735.5±1557.0 | Time: 0.01s | ETA: 0.0m
2025-11-01 10:03:47,475 |   Trial 137/300 | Shots: 1024 | Mean: 1730.3±1552.5 | Time: 0.00s | ETA: 0.0m
2025-11-01 10:03:47,477 |   Trial 138/300 | Shots:  768 | Mean: 1723.3±1549.0 | Time: 0.00s | ETA: 0.0m
2025-11-01 10:03:47,479 |   Trial 139/300 | Shots: 1280 | Mean: 1720.1±1543.9 | Time: 0.00s | ETA: 0.0m
2025-11-01 10:03:47,481 |   Trial 140/300 | Shots: 1024 | Mean: 1715.1±1539.5 | Time: 0.00s | ETA: 0.0m
2025-11-01 10:03:47,484 |   Trial 141/300 | Shots: 1280 | Mean: 1712.1±1534.4 | Time: 0.00s | ETA: 0.0m
2025-11-01 10:03:47,485 |   Trial 142/300 | Shots:  512 | Mean: 1703.6±1532.3 | Time: 0.00s | ETA: 0.0m
2025-11-01 10:03:47,486 |   Trial 143/300 | Shots:  512 | Mean: 1695.3±1530.2 | Time: 0.00s | ETA: 0.0m
2025-11-01 10:03:47,496 |   Trial 144/300 | Shots: 5000 | Mean: 1718.2±1549.4 | Time: 0.01s | ETA: 0.0m
2025-11-01 10:03:47,499 |   Trial 145/300 | Shots: 1536 | Mean: 1717.0±1544.1 | Time: 0.00s | ETA: 0.0m
2025-11-01 10:03:47,502 |   Trial 146/300 | Shots: 1536 | Mean: 1715.7±1538.9 | Time: 0.00s | ETA: 0.0m
2025-11-01 10:03:47,510 |   Trial 147/300 | Shots: 4352 | Mean: 1733.7±1548.8 | Time: 0.01s | ETA: 0.0m
2025-11-01 10:03:47,511 |   Trial 148/300 | Shots:  256 | Mean: 1723.7±1548.3 | Time: 0.00s | ETA: 0.0m
2025-11-01 10:03:47,512 |   Trial 149/300 | Shots:  512 | Mean: 1715.5±1546.3 | Time: 0.00s | ETA: 0.0m
2025-11-01 10:03:47,514 |   Trial 150/300 | Shots: 1024 | Mean: 1710.9±1542.2 | Time: 0.00s | ETA: 0.0m
2025-11-01 10:03:47,524 |   Trial 151/300 | Shots: 5000 | Mean: 1732.7±1560.0 | Time: 0.01s | ETA: 0.0m
2025-11-01 10:03:47,526 |   Trial 152/300 | Shots:  768 | Mean: 1726.4±1556.8 | Time: 0.00s | ETA: 0.0m
2025-11-01 10:03:47,527 |   Trial 153/300 | Shots:  768 | Mean: 1720.1±1553.7 | Time: 0.00s | ETA: 0.0m
2025-11-01 10:03:47,533 |   Trial 154/300 | Shots: 3072 | Mean: 1728.9±1552.4 | Time: 0.01s | ETA: 0.0m
2025-11-01 10:03:47,534 |   Trial 155/300 | Shots:  256 | Mean: 1719.4±1551.9 | Time: 0.00s | ETA: 0.0m
2025-11-01 10:03:47,536 |   Trial 156/300 | Shots: 1024 | Mean: 1714.9±1547.9 | Time: 0.00s | ETA: 0.0m
2025-11-01 10:03:47,539 |   Trial 157/300 | Shots: 1792 | Mean: 1715.4±1543.0 | Time: 0.00s | ETA: 0.0m
2025-11-01 10:03:47,540 |   Trial 158/300 | Shots:  512 | Mean: 1707.8±1541.0 | Time: 0.00s | ETA: 0.0m
2025-11-01 10:03:47,545 |   Trial 159/300 | Shots: 2304 | Mean: 1711.5±1536.9 | Time: 0.00s | ETA: 0.0m
2025-11-01 10:03:47,545 |   Trial 160/300 | Shots:  256 | Mean: 1702.5±1536.4 | Time: 0.00s | ETA: 0.0m
2025-11-01 10:03:47,546 |   Trial 161/300 | Shots:  256 | Mean: 1693.5±1535.8 | Time: 0.00s | ETA: 0.0m
2025-11-01 10:03:47,549 |   Trial 162/300 | Shots: 1536 | Mean: 1692.5±1531.1 | Time: 0.00s | ETA: 0.0m
2025-11-01 10:03:47,550 |   Trial 163/300 | Shots:  256 | Mean: 1683.7±1530.5 | Time: 0.00s | ETA: 0.0m
2025-11-01 10:03:47,550 |   Trial 164/300 | Shots:  256 | Mean: 1675.0±1529.9 | Time: 0.00s | ETA: 0.0m
2025-11-01 10:03:47,560 |   Trial 165/300 | Shots: 5000 | Mean: 1695.1±1546.9 | Time: 0.01s | ETA: 0.0m
2025-11-01 10:03:47,561 |   Trial 166/300 | Shots:  512 | Mean: 1688.0±1545.0 | Time: 0.00s | ETA: 0.0m
2025-11-01 10:03:47,579 |   Trial 167/300 | Shots: 5000 | Mean: 1707.8±1561.4 | Time: 0.02s | ETA: 0.0m
2025-11-01 10:03:47,601 |   Trial 168/300 | Shots: 5000 | Mean: 1727.4±1577.2 | Time: 0.02s | ETA: 0.0m
2025-11-01 10:03:47,616 |   Trial 169/300 | Shots: 3840 | Mean: 1739.9±1580.9 | Time: 0.02s | ETA: 0.0m
2025-11-01 10:03:47,629 |   Trial 170/300 | Shots: 5000 | Mean: 1759.1±1595.8 | Time: 0.01s | ETA: 0.0m
2025-11-01 10:03:47,632 |   Trial 171/300 | Shots: 1536 | Mean: 1757.8±1591.2 | Time: 0.00s | ETA: 0.0m
2025-11-01 10:03:47,633 |   Trial 172/300 | Shots:  512 | Mean: 1750.6±1589.4 | Time: 0.00s | ETA: 0.0m
2025-11-01 10:03:47,634 |   Trial 173/300 | Shots:  512 | Mean: 1743.4±1587.6 | Time: 0.00s | ETA: 0.0m
2025-11-01 10:03:47,636 |   Trial 174/300 | Shots: 1536 | Mean: 1742.2±1583.1 | Time: 0.00s | ETA: 0.0m
2025-11-01 10:03:47,637 |   Trial 175/300 | Shots:  512 | Mean: 1735.2±1581.3 | Time: 0.00s | ETA: 0.0m
2025-11-01 10:03:47,638 |   Trial 176/300 | Shots:  512 | Mean: 1728.2±1579.5 | Time: 0.00s | ETA: 0.0m
2025-11-01 10:03:47,650 |   Trial 177/300 | Shots: 5120 | Mean: 1747.4±1595.4 | Time: 0.01s | ETA: 0.0m
2025-11-01 10:03:47,651 |   Trial 178/300 | Shots:  768 | Mean: 1741.9±1592.6 | Time: 0.00s | ETA: 0.0m
2025-11-01 10:03:47,652 |   Trial 179/300 | Shots:  512 | Mean: 1735.0±1590.8 | Time: 0.00s | ETA: 0.0m
2025-11-01 10:03:47,655 |   Trial 180/300 | Shots: 1792 | Mean: 1735.3±1586.4 | Time: 0.00s | ETA: 0.0m
2025-11-01 10:03:47,656 |   Trial 181/300 | Shots:  512 | Mean: 1728.6±1584.6 | Time: 0.00s | ETA: 0.0m
2025-11-01 10:03:47,665 |   Trial 182/300 | Shots: 5000 | Mean: 1746.5±1598.6 | Time: 0.01s | ETA: 0.0m
2025-11-01 10:03:47,666 |   Trial 183/300 | Shots:  256 | Mean: 1738.4±1598.0 | Time: 0.00s | ETA: 0.0m
2025-11-01 10:03:47,689 |   Trial 184/300 | Shots: 5000 | Mean: 1756.1±1611.6 | Time: 0.02s | ETA: 0.0m
2025-11-01 10:03:47,691 |   Trial 185/300 | Shots:  512 | Mean: 1749.4±1609.8 | Time: 0.00s | ETA: 0.0m
2025-11-01 10:03:47,696 |   Trial 186/300 | Shots: 1536 | Mean: 1748.3±1605.6 | Time: 0.01s | ETA: 0.0m
2025-11-01 10:03:47,697 |   Trial 187/300 | Shots:  256 | Mean: 1740.3±1605.0 | Time: 0.00s | ETA: 0.0m
2025-11-01 10:03:47,698 |   Trial 188/300 | Shots:  512 | Mean: 1733.7±1603.2 | Time: 0.00s | ETA: 0.0m
2025-11-01 10:03:47,700 |   Trial 189/300 | Shots:  768 | Mean: 1728.6±1600.5 | Time: 0.00s | ETA: 0.0m
2025-11-01 10:03:47,701 |   Trial 190/300 | Shots:  256 | Mean: 1720.9±1599.8 | Time: 0.00s | ETA: 0.0m
2025-11-01 10:03:47,702 |   Trial 191/300 | Shots:  512 | Mean: 1714.6±1598.0 | Time: 0.00s | ETA: 0.0m
2025-11-01 10:03:47,709 |   Trial 192/300 | Shots: 2304 | Mean: 1717.6±1594.4 | Time: 0.01s | ETA: 0.0m
2025-11-01 10:03:47,718 |   Trial 193/300 | Shots: 2304 | Mean: 1720.7±1590.8 | Time: 0.01s | ETA: 0.0m
2025-11-01 10:03:47,721 |   Trial 194/300 | Shots:  768 | Mean: 1715.8±1588.2 | Time: 0.00s | ETA: 0.0m
2025-11-01 10:03:47,724 |   Trial 195/300 | Shots:  768 | Mean: 1710.9±1585.5 | Time: 0.00s | ETA: 0.0m
2025-11-01 10:03:47,725 |   Trial 196/300 | Shots: 1024 | Mean: 1707.4±1582.3 | Time: 0.00s | ETA: 0.0m
2025-11-01 10:03:47,727 |   Trial 197/300 | Shots:  768 | Mean: 1702.6±1579.6 | Time: 0.00s | ETA: 0.0m
2025-11-01 10:03:47,735 |   Trial 198/300 | Shots: 5000 | Mean: 1719.3±1592.9 | Time: 0.01s | ETA: 0.0m
2025-11-01 10:03:47,738 |   Trial 199/300 | Shots: 2048 | Mean: 1720.9±1589.1 | Time: 0.00s | ETA: 0.0m
2025-11-01 10:03:47,740 |   Trial 200/300 | Shots:  768 | Mean: 1716.2±1586.5 | Time: 0.00s | ETA: 0.0m
2025-11-01 10:03:47,742 |   Trial 201/300 | Shots:  512 | Mean: 1710.2±1584.8 | Time: 0.00s | ETA: 0.0m
2025-11-01 10:03:47,757 |   Trial 202/300 | Shots: 4864 | Mean: 1725.8±1596.3 | Time: 0.01s | ETA: 0.0m
2025-11-01 10:03:47,759 |   Trial 203/300 | Shots:  512 | Mean: 1719.8±1594.6 | Time: 0.00s | ETA: 0.0m
2025-11-01 10:03:47,761 |   Trial 204/300 | Shots:  512 | Mean: 1713.9±1593.0 | Time: 0.00s | ETA: 0.0m
2025-11-01 10:03:47,763 |   Trial 205/300 | Shots:  768 | Mean: 1709.3±1590.4 | Time: 0.00s | ETA: 0.0m
2025-11-01 10:03:47,768 |   Trial 206/300 | Shots: 1024 | Mean: 1705.9±1587.3 | Time: 0.00s | ETA: 0.0m
2025-11-01 10:03:47,770 |   Trial 207/300 | Shots:  512 | Mean: 1700.2±1585.6 | Time: 0.00s | ETA: 0.0m
2025-11-01 10:03:47,776 |   Trial 208/300 | Shots: 1280 | Mean: 1698.2±1582.1 | Time: 0.01s | ETA: 0.0m
2025-11-01 10:03:47,780 |   Trial 209/300 | Shots:  768 | Mean: 1693.7±1579.6 | Time: 0.00s | ETA: 0.0m
2025-11-01 10:03:47,794 |   Trial 210/300 | Shots: 1536 | Mean: 1693.0±1575.8 | Time: 0.01s | ETA: 0.0m
2025-11-01 10:03:47,802 |   Trial 211/300 | Shots:  768 | Mean: 1688.6±1573.4 | Time: 0.01s | ETA: 0.0m
2025-11-01 10:03:47,807 |   Trial 212/300 | Shots: 1024 | Mean: 1685.4±1570.3 | Time: 0.01s | ETA: 0.0m
2025-11-01 10:03:47,823 |   Trial 213/300 | Shots: 3328 | Mean: 1693.1±1570.7 | Time: 0.02s | ETA: 0.0m
2025-11-01 10:03:47,824 |   Trial 214/300 | Shots:  256 | Mean: 1686.4±1570.1 | Time: 0.00s | ETA: 0.0m
2025-11-01 10:03:47,826 |   Trial 215/300 | Shots:  768 | Mean: 1682.2±1567.6 | Time: 0.00s | ETA: 0.0m
2025-11-01 10:03:47,833 |   Trial 216/300 | Shots: 3840 | Mean: 1692.1±1570.9 | Time: 0.01s | ETA: 0.0m
2025-11-01 10:03:47,834 |   Trial 217/300 | Shots:  512 | Mean: 1686.7±1569.3 | Time: 0.00s | ETA: 0.0m
2025-11-01 10:03:47,836 |   Trial 218/300 | Shots:  512 | Mean: 1681.3±1567.7 | Time: 0.00s | ETA: 0.0m
2025-11-01 10:03:47,839 |   Trial 219/300 | Shots: 1536 | Mean: 1680.7±1564.1 | Time: 0.00s | ETA: 0.0m
2025-11-01 10:03:47,844 |   Trial 220/300 | Shots: 2560 | Mean: 1684.7±1561.7 | Time: 0.00s | ETA: 0.0m
2025-11-01 10:03:47,845 |   Trial 221/300 | Shots:  512 | Mean: 1679.3±1560.1 | Time: 0.00s | ETA: 0.0m
2025-11-01 10:03:47,848 |   Trial 222/300 | Shots: 1536 | Mean: 1678.7±1556.6 | Time: 0.00s | ETA: 0.0m
2025-11-01 10:03:47,853 |   Trial 223/300 | Shots: 2816 | Mean: 1683.8±1555.0 | Time: 0.01s | ETA: 0.0m
2025-11-01 10:03:47,854 |   Trial 224/300 | Shots:  256 | Mean: 1677.4±1554.5 | Time: 0.00s | ETA: 0.0m
2025-11-01 10:03:47,857 |   Trial 225/300 | Shots: 1536 | Mean: 1676.8±1551.0 | Time: 0.00s | ETA: 0.0m
2025-11-01 10:03:47,858 |   Trial 226/300 | Shots:  512 | Mean: 1671.6±1549.5 | Time: 0.00s | ETA: 0.0m
2025-11-01 10:03:47,859 |   Trial 227/300 | Shots:  768 | Mean: 1667.7±1547.3 | Time: 0.00s | ETA: 0.0m
2025-11-01 10:03:47,863 |   Trial 228/300 | Shots: 1536 | Mean: 1667.1±1543.9 | Time: 0.00s | ETA: 0.0m
2025-11-01 10:03:47,865 |   Trial 229/300 | Shots: 1024 | Mean: 1664.3±1541.1 | Time: 0.00s | ETA: 0.0m
2025-11-01 10:03:47,867 |   Trial 230/300 | Shots: 1280 | Mean: 1662.6±1537.9 | Time: 0.00s | ETA: 0.0m
2025-11-01 10:03:47,868 |   Trial 231/300 | Shots:  512 | Mean: 1657.6±1536.5 | Time: 0.00s | ETA: 0.0m
2025-11-01 10:03:47,878 |   Trial 232/300 | Shots: 5000 | Mean: 1672.0±1548.7 | Time: 0.01s | ETA: 0.0m
2025-11-01 10:03:47,880 |   Trial 233/300 | Shots: 1024 | Mean: 1669.3±1546.0 | Time: 0.00s | ETA: 0.0m
2025-11-01 10:03:47,890 |   Trial 234/300 | Shots: 5120 | Mean: 1684.0±1559.0 | Time: 0.01s | ETA: 0.0m
2025-11-01 10:03:47,890 |   Trial 235/300 | Shots:  256 | Mean: 1677.9±1558.5 | Time: 0.00s | ETA: 0.0m
2025-11-01 10:03:47,897 |   Trial 236/300 | Shots: 3328 | Mean: 1684.9±1558.8 | Time: 0.01s | ETA: 0.0m
2025-11-01 10:03:47,908 |   Trial 237/300 | Shots: 2304 | Mean: 1687.5±1556.1 | Time: 0.01s | ETA: 0.0m
2025-11-01 10:03:47,913 |   Trial 238/300 | Shots: 2048 | Mean: 1689.0±1553.0 | Time: 0.00s | ETA: 0.0m
2025-11-01 10:03:47,920 |   Trial 239/300 | Shots: 3840 | Mean: 1698.0±1555.9 | Time: 0.01s | ETA: 0.0m
2025-11-01 10:03:47,922 |   Trial 240/300 | Shots:  768 | Mean: 1694.2±1553.8 | Time: 0.00s | ETA: 0.0m
2025-11-01 10:03:47,924 |   Trial 241/300 | Shots: 1024 | Mean: 1691.4±1551.2 | Time: 0.00s | ETA: 0.0m
2025-11-01 10:03:47,926 |   Trial 242/300 | Shots: 1280 | Mean: 1689.7±1548.2 | Time: 0.00s | ETA: 0.0m
2025-11-01 10:03:47,934 |   Trial 243/300 | Shots: 4096 | Mean: 1699.6±1552.7 | Time: 0.01s | ETA: 0.0m
2025-11-01 10:03:47,944 |   Trial 244/300 | Shots: 5000 | Mean: 1713.1±1563.8 | Time: 0.01s | ETA: 0.0m
2025-11-01 10:03:47,946 |   Trial 245/300 | Shots: 1024 | Mean: 1710.3±1561.2 | Time: 0.00s | ETA: 0.0m
2025-11-01 10:03:47,947 |   Trial 246/300 | Shots:  256 | Mean: 1704.4±1560.8 | Time: 0.00s | ETA: 0.0m
2025-11-01 10:03:47,949 |   Trial 247/300 | Shots: 1024 | Mean: 1701.6±1558.2 | Time: 0.00s | ETA: 0.0m
2025-11-01 10:03:47,955 |   Trial 248/300 | Shots: 3072 | Mean: 1707.2±1557.5 | Time: 0.01s | ETA: 0.0m
2025-11-01 10:03:47,964 |   Trial 249/300 | Shots: 5000 | Mean: 1720.4±1568.3 | Time: 0.01s | ETA: 0.0m
2025-11-01 10:03:47,965 |   Trial 250/300 | Shots:  256 | Mean: 1714.5±1567.8 | Time: 0.00s | ETA: 0.0m
2025-11-01 10:03:47,975 |   Trial 251/300 | Shots: 5000 | Mean: 1727.6±1578.3 | Time: 0.01s | ETA: 0.0m
2025-11-01 10:03:47,980 |   Trial 252/300 | Shots: 2560 | Mean: 1730.9±1576.1 | Time: 0.00s | ETA: 0.0m
2025-11-01 10:03:47,982 |   Trial 253/300 | Shots: 1024 | Mean: 1728.1±1573.6 | Time: 0.00s | ETA: 0.0m
2025-11-01 10:03:47,984 |   Trial 254/300 | Shots: 1024 | Mean: 1725.4±1571.1 | Time: 0.00s | ETA: 0.0m
2025-11-01 10:03:47,986 |   Trial 255/300 | Shots: 1024 | Mean: 1722.6±1568.6 | Time: 0.00s | ETA: 0.0m
2025-11-01 10:03:47,990 |   Trial 256/300 | Shots: 2048 | Mean: 1723.9±1565.7 | Time: 0.00s | ETA: 0.0m
2025-11-01 10:03:47,992 |   Trial 257/300 | Shots: 1280 | Mean: 1722.1±1562.9 | Time: 0.00s | ETA: 0.0m
2025-11-01 10:03:47,993 |   Trial 258/300 | Shots:  256 | Mean: 1716.5±1562.5 | Time: 0.00s | ETA: 0.0m
2025-11-01 10:03:48,003 |   Trial 259/300 | Shots: 5000 | Mean: 1729.1±1572.7 | Time: 0.01s | ETA: 0.0m
2025-11-01 10:03:48,005 |   Trial 260/300 | Shots: 1280 | Mean: 1727.4±1570.0 | Time: 0.00s | ETA: 0.0m
2025-11-01 10:03:48,009 |   Trial 261/300 | Shots: 1792 | Mean: 1727.7±1566.9 | Time: 0.00s | ETA: 0.0m
2025-11-01 10:03:48,011 |   Trial 262/300 | Shots: 1024 | Mean: 1725.0±1564.6 | Time: 0.00s | ETA: 0.0m
2025-11-01 10:03:48,012 |   Trial 263/300 | Shots:  512 | Mean: 1720.4±1563.4 | Time: 0.00s | ETA: 0.0m
2025-11-01 10:03:48,014 |   Trial 264/300 | Shots: 1024 | Mean: 1717.7±1561.0 | Time: 0.00s | ETA: 0.0m
2025-11-01 10:03:48,023 |   Trial 265/300 | Shots: 4864 | Mean: 1729.6±1569.9 | Time: 0.01s | ETA: 0.0m
2025-11-01 10:03:48,027 |   Trial 266/300 | Shots: 1792 | Mean: 1729.8±1567.0 | Time: 0.00s | ETA: 0.0m
2025-11-01 10:03:48,029 |   Trial 267/300 | Shots:  768 | Mean: 1726.2±1565.2 | Time: 0.00s | ETA: 0.0m
2025-11-01 10:03:48,038 |   Trial 268/300 | Shots: 4864 | Mean: 1737.9±1573.9 | Time: 0.01s | ETA: 0.0m
2025-11-01 10:03:48,041 |   Trial 269/300 | Shots: 1536 | Mean: 1737.2±1571.0 | Time: 0.00s | ETA: 0.0m
2025-11-01 10:03:48,045 |   Trial 270/300 | Shots: 2048 | Mean: 1738.3±1568.2 | Time: 0.00s | ETA: 0.0m
2025-11-01 10:03:48,046 |   Trial 271/300 | Shots:  768 | Mean: 1734.8±1566.4 | Time: 0.00s | ETA: 0.0m
2025-11-01 10:03:48,047 |   Trial 272/300 | Shots:  256 | Mean: 1729.3±1566.1 | Time: 0.00s | ETA: 0.0m
2025-11-01 10:03:48,049 |   Trial 273/300 | Shots:  768 | Mean: 1725.8±1564.3 | Time: 0.00s | ETA: 0.0m
2025-11-01 10:03:48,050 |   Trial 274/300 | Shots:  512 | Mean: 1721.4±1563.2 | Time: 0.00s | ETA: 0.0m
2025-11-01 10:03:48,051 |   Trial 275/300 | Shots:  512 | Mean: 1717.0±1562.0 | Time: 0.00s | ETA: 0.0m
2025-11-01 10:03:48,052 |   Trial 276/300 | Shots:  512 | Mean: 1712.6±1560.9 | Time: 0.00s | ETA: 0.0m
2025-11-01 10:03:48,054 |   Trial 277/300 | Shots:  768 | Mean: 1709.2±1559.1 | Time: 0.00s | ETA: 0.0m
2025-11-01 10:03:48,055 |   Trial 278/300 | Shots:  768 | Mean: 1705.8±1557.3 | Time: 0.00s | ETA: 0.0m
2025-11-01 10:03:48,056 |   Trial 279/300 | Shots:  512 | Mean: 1701.5±1556.1 | Time: 0.00s | ETA: 0.0m
2025-11-01 10:03:48,059 |   Trial 280/300 | Shots:  768 | Mean: 1698.2±1554.4 | Time: 0.00s | ETA: 0.0m
2025-11-01 10:03:48,062 |   Trial 281/300 | Shots:  768 | Mean: 1694.9±1552.6 | Time: 0.00s | ETA: 0.0m
2025-11-01 10:03:48,075 |   Trial 282/300 | Shots: 3584 | Mean: 1701.6±1553.9 | Time: 0.01s | ETA: 0.0m
2025-11-01 10:03:48,082 |   Trial 283/300 | Shots: 2304 | Mean: 1703.7±1551.5 | Time: 0.01s | ETA: 0.0m
2025-11-01 10:03:48,084 |   Trial 284/300 | Shots:  512 | Mean: 1699.5±1550.4 | Time: 0.00s | ETA: 0.0m
2025-11-01 10:03:48,094 |   Trial 285/300 | Shots: 3840 | Mean: 1707.0±1552.9 | Time: 0.01s | ETA: 0.0m
2025-11-01 10:03:48,106 |   Trial 286/300 | Shots: 4096 | Mean: 1715.4±1556.5 | Time: 0.01s | ETA: 0.0m
2025-11-01 10:03:48,108 |   Trial 287/300 | Shots:  768 | Mean: 1712.1±1554.8 | Time: 0.00s | ETA: 0.0m
2025-11-01 10:03:48,110 |   Trial 288/300 | Shots: 1536 | Mean: 1711.5±1552.2 | Time: 0.00s | ETA: 0.0m
2025-11-01 10:03:48,123 |   Trial 289/300 | Shots: 3584 | Mean: 1718.0±1553.4 | Time: 0.01s | ETA: 0.0m
2025-11-01 10:03:48,124 |   Trial 290/300 | Shots:  512 | Mean: 1713.8±1552.3 | Time: 0.00s | ETA: 0.0m
2025-11-01 10:03:48,125 |   Trial 291/300 | Shots:  768 | Mean: 1710.5±1550.6 | Time: 0.00s | ETA: 0.0m
2025-11-01 10:03:48,127 |   Trial 292/300 | Shots: 1280 | Mean: 1709.1±1548.2 | Time: 0.00s | ETA: 0.0m
2025-11-01 10:03:48,129 |   Trial 293/300 | Shots: 1024 | Mean: 1706.7±1546.0 | Time: 0.00s | ETA: 0.0m
2025-11-01 10:03:48,131 |   Trial 294/300 | Shots: 1024 | Mean: 1704.4±1543.9 | Time: 0.00s | ETA: 0.0m
2025-11-01 10:03:48,139 |   Trial 295/300 | Shots: 5000 | Mean: 1715.6±1553.2 | Time: 0.01s | ETA: 0.0m
2025-11-01 10:03:48,151 |   Trial 296/300 | Shots: 3584 | Mean: 1721.9±1554.3 | Time: 0.01s | ETA: 0.0m
2025-11-01 10:03:48,169 |   Trial 297/300 | Shots: 5000 | Mean: 1732.9±1563.3 | Time: 0.02s | ETA: 0.0m
2025-11-01 10:03:48,172 |   Trial 298/300 | Shots:  512 | Mean: 1728.8±1562.3 | Time: 0.00s | ETA: 0.0m
2025-11-01 10:03:48,176 |   Trial 299/300 | Shots: 1280 | Mean: 1727.3±1559.9 | Time: 0.00s | ETA: 0.0m
2025-11-01 10:03:48,177 |   Trial 300/300 | Shots:  512 | Mean: 1723.3±1558.8 | Time: 0.00s | ETA: 0.0m
2025-11-01 10:03:48,177 |   FINAL — Mean shots (VRA): 1723.3 ± 1558.8
2025-11-01 10:03:48,177 | 
======================================================================
2025-11-01 10:03:48,177 | A/B RESULTS — SCHEDULER COMPARISON
2025-11-01 10:03:48,177 | ======================================================================
2025-11-01 10:03:48,177 |       |   Uniform (mean±std)   |     VRA (mean±std)
2025-11-01 10:03:48,177 | ------+-------------------------+-------------------------
2025-11-01 10:03:48,177 | Random| 4960.8±255.6 | 1700.1±1478.4
2025-11-01 10:03:48,177 | Det   | 4977.5±170.0 | 1723.3±1558.8
