N,r,rho,regime,L,window,validated_R,R,precision,recall,FP,FN,TP
997,249,0.24974924774322968,TRANSITION,65536,hann,9,2,0.9049429657794676,0.43548387096774194,25.0,140.0,108.0
997,249,0.24974924774322968,TRANSITION,65536,hann,9,3,0.9657794676806084,0.43548387096774194,9.0,140.0,108.0
997,249,0.24974924774322968,TRANSITION,65536,hann,9,4,0.973384030418251,0.43548387096774194,7.0,140.0,108.0
997,249,0.24974924774322968,TRANSITION,65536,hann,9,5,0.973384030418251,0.43548387096774194,7.0,140.0,108.0
997,249,0.24974924774322968,TRANSITION,65536,hann,9,6,0.973384030418251,0.43548387096774194,7.0,140.0,108.0
997,249,0.24974924774322968,TRANSITION,65536,hann,9,7,0.973384030418251,0.43548387096774194,7.0,140.0,108.0
997,249,0.24974924774322968,TRANSITION,65536,hann,9,8,0.973384030418251,0.43548387096774194,7.0,140.0,108.0
997,249,0.24974924774322968,TRANSITION,65536,hann,9,9,0.973384030418251,0.43548387096774194,7.0,140.0,108.0
997,249,0.24974924774322968,TRANSITION,65536,hann,9,10,0.973384030418251,0.43548387096774194,7.0,140.0,108.0
997,249,0.24974924774322968,TRANSITION,65536,hamming,9,2,0.9163498098859315,0.45161290322580644,22.0,136.0,112.0
997,249,0.24974924774322968,TRANSITION,65536,hamming,9,3,0.973384030418251,0.45161290322580644,7.0,136.0,112.0
997,249,0.24974924774322968,TRANSITION,65536,hamming,9,4,0.9809885931558935,0.45161290322580644,5.0,136.0,112.0
997,249,0.24974924774322968,TRANSITION,65536,hamming,9,5,0.9809885931558935,0.45161290322580644,5.0,136.0,112.0
997,249,0.24974924774322968,TRANSITION,65536,hamming,9,6,0.9809885931558935,0.45161290322580644,5.0,136.0,112.0
997,249,0.24974924774322968,TRANSITION,65536,hamming,9,7,0.9809885931558935,0.45161290322580644,5.0,136.0,112.0
997,249,0.24974924774322968,TRANSITION,65536,hamming,9,8,0.9809885931558935,0.45161290322580644,5.0,136.0,112.0
997,249,0.24974924774322968,TRANSITION,65536,hamming,9,9,0.9809885931558935,0.45161290322580644,5.0,136.0,112.0
997,249,0.24974924774322968,TRANSITION,65536,hamming,9,10,0.9809885931558935,0.45161290322580644,5.0,136.0,112.0
997,249,0.24974924774322968,TRANSITION,65536,blackman,9,2,0.8517110266159695,0.3951612903225806,39.0,150.0,98.0
997,249,0.24974924774322968,TRANSITION,65536,blackman,9,3,0.9429657794676806,0.3951612903225806,15.0,150.0,98.0
997,249,0.24974924774322968,TRANSITION,65536,blackman,9,4,0.9657794676806084,0.3951612903225806,9.0,150.0,98.0
997,249,0.24974924774322968,TRANSITION,65536,blackman,9,5,0.973384030418251,0.3951612903225806,7.0,150.0,98.0
997,249,0.24974924774322968,TRANSITION,65536,blackman,9,6,0.973384030418251,0.3951612903225806,7.0,150.0,98.0
997,249,0.24974924774322968,TRANSITION,65536,blackman,9,7,0.973384030418251,0.3951612903225806,7.0,150.0,98.0
997,249,0.24974924774322968,TRANSITION,65536,blackman,9,8,0.973384030418251,0.3951612903225806,7.0,150.0,98.0
997,249,0.24974924774322968,TRANSITION,65536,blackman,9,9,0.973384030418251,0.3951612903225806,7.0,150.0,98.0
997,249,0.24974924774322968,TRANSITION,65536,blackman,9,10,0.973384030418251,0.3951612903225806,7.0,150.0,98.0
997,249,0.24974924774322968,TRANSITION,131072,hann,9,2,0.8133333333333334,0.6532258064516129,98.0,86.0,162.0
997,249,0.24974924774322968,TRANSITION,131072,hann,9,3,0.96,0.6532258064516129,21.0,86.0,162.0
997,249,0.24974924774322968,TRANSITION,131072,hann,9,4,0.9828571428571429,0.6532258064516129,9.0,86.0,162.0
997,249,0.24974924774322968,TRANSITION,131072,hann,9,5,0.9866666666666667,0.6532258064516129,7.0,86.0,162.0
997,249,0.24974924774322968,TRANSITION,131072,hann,9,6,0.9866666666666667,0.6532258064516129,7.0,86.0,162.0
997,249,0.24974924774322968,TRANSITION,131072,hann,9,7,0.9866666666666667,0.6532258064516129,7.0,86.0,162.0
997,249,0.24974924774322968,TRANSITION,131072,hann,9,8,0.9866666666666667,0.6532258064516129,7.0,86.0,162.0
997,249,0.24974924774322968,TRANSITION,131072,hann,9,9,0.9866666666666667,0.6532258064516129,7.0,86.0,162.0
997,249,0.24974924774322968,TRANSITION,131072,hann,9,10,0.9866666666666667,0.6532258064516129,7.0,86.0,162.0
997,249,0.24974924774322968,TRANSITION,131072,hann,9,11,0.9866666666666667,0.6532258064516129,7.0,86.0,162.0
997,249,0.24974924774322968,TRANSITION,131072,hamming,9,2,0.8571428571428571,0.6774193548387096,75.0,80.0,168.0
997,249,0.24974924774322968,TRANSITION,131072,hamming,9,3,0.9733333333333334,0.6774193548387096,14.0,80.0,168.0
997,249,0.24974924774322968,TRANSITION,131072,hamming,9,4,0.9866666666666667,0.6774193548387096,7.0,80.0,168.0
997,249,0.24974924774322968,TRANSITION,131072,hamming,9,5,0.9866666666666667,0.6774193548387096,7.0,80.0,168.0
997,249,0.24974924774322968,TRANSITION,131072,hamming,9,6,0.9866666666666667,0.6774193548387096,7.0,80.0,168.0
997,249,0.24974924774322968,TRANSITION,131072,hamming,9,7,0.9866666666666667,0.6774193548387096,7.0,80.0,168.0
997,249,0.24974924774322968,TRANSITION,131072,hamming,9,8,0.9866666666666667,0.6774193548387096,7.0,80.0,168.0
997,249,0.24974924774322968,TRANSITION,131072,hamming,9,9,0.9866666666666667,0.6774193548387096,7.0,80.0,168.0
997,249,0.24974924774322968,TRANSITION,131072,hamming,9,10,0.9866666666666667,0.6774193548387096,7.0,80.0,168.0
997,249,0.24974924774322968,TRANSITION,131072,hamming,9,11,0.9866666666666667,0.6774193548387096,7.0,80.0,168.0
997,249,0.24974924774322968,TRANSITION,131072,blackman,9,2,0.7561904761904762,0.6290322580645161,128.0,92.0,156.0
997,249,0.24974924774322968,TRANSITION,131072,blackman,9,3,0.9276190476190476,0.6290322580645161,38.0,92.0,156.0
997,249,0.24974924774322968,TRANSITION,131072,blackman,9,4,0.9733333333333334,0.6290322580645161,14.0,92.0,156.0
997,249,0.24974924774322968,TRANSITION,131072,blackman,9,5,0.9828571428571429,0.6290322580645161,9.0,92.0,156.0
997,249,0.24974924774322968,TRANSITION,131072,blackman,9,6,0.9828571428571429,0.6290322580645161,9.0,92.0,156.0
997,249,0.24974924774322968,TRANSITION,131072,blackman,9,7,0.9828571428571429,0.6290322580645161,9.0,92.0,156.0
997,249,0.24974924774322968,TRANSITION,131072,blackman,9,8,0.9828571428571429,0.6290322580645161,9.0,92.0,156.0
997,249,0.24974924774322968,TRANSITION,131072,blackman,9,9,0.9828571428571429,0.6290322580645161,9.0,92.0,156.0
997,249,0.24974924774322968,TRANSITION,131072,blackman,9,10,0.9828571428571429,0.6290322580645161,9.0,92.0,156.0
997,249,0.24974924774322968,TRANSITION,131072,blackman,9,11,0.9828571428571429,0.6290322580645161,9.0,92.0,156.0
997,249,0.24974924774322968,TRANSITION,262144,hann,10,2,0.7283126787416587,0.9112903225806451,285.0,22.0,226.0
997,249,0.24974924774322968,TRANSITION,262144,hann,10,3,0.9056244041944709,0.9112903225806451,99.0,22.0,226.0
997,249,0.24974924774322968,TRANSITION,262144,hann,10,4,0.9818875119161106,0.9112903225806451,19.0,22.0,226.0
997,249,0.24974924774322968,TRANSITION,262144,hann,10,5,0.9914204003813155,0.9112903225806451,9.0,22.0,226.0
997,249,0.24974924774322968,TRANSITION,262144,hann,10,6,0.9914204003813155,0.9112903225806451,9.0,22.0,226.0
997,249,0.24974924774322968,TRANSITION,262144,hann,10,7,0.9914204003813155,0.9112903225806451,9.0,22.0,226.0
997,249,0.24974924774322968,TRANSITION,262144,hann,10,8,0.9914204003813155,0.9112903225806451,9.0,22.0,226.0
997,249,0.24974924774322968,TRANSITION,262144,hann,10,9,0.9914204003813155,0.9112903225806451,9.0,22.0,226.0
997,249,0.24974924774322968,TRANSITION,262144,hann,10,10,0.9914204003813155,0.9112903225806451,9.0,22.0,226.0
997,249,0.24974924774322968,TRANSITION,262144,hann,10,11,0.9914204003813155,0.9112903225806451,9.0,22.0,226.0
997,249,0.24974924774322968,TRANSITION,262144,hamming,10,2,0.7616777883698761,0.9354838709677419,250.0,16.0,232.0
997,249,0.24974924774322968,TRANSITION,262144,hamming,10,3,0.9332697807435653,0.9354838709677419,70.0,16.0,232.0
997,249,0.24974924774322968,TRANSITION,262144,hamming,10,4,0.988560533841754,0.9354838709677419,12.0,16.0,232.0
997,249,0.24974924774322968,TRANSITION,262144,hamming,10,5,0.9914204003813155,0.9354838709677419,9.0,16.0,232.0
997,249,0.24974924774322968,TRANSITION,262144,hamming,10,6,0.9914204003813155,0.9354838709677419,9.0,16.0,232.0
997,249,0.24974924774322968,TRANSITION,262144,hamming,10,7,0.9914204003813155,0.9354838709677419,9.0,16.0,232.0
997,249,0.24974924774322968,TRANSITION,262144,hamming,10,8,0.9914204003813155,0.9354838709677419,9.0,16.0,232.0
997,249,0.24974924774322968,TRANSITION,262144,hamming,10,9,0.9914204003813155,0.9354838709677419,9.0,16.0,232.0
997,249,0.24974924774322968,TRANSITION,262144,hamming,10,10,0.9914204003813155,0.9354838709677419,9.0,16.0,232.0
997,249,0.24974924774322968,TRANSITION,262144,hamming,10,11,0.9914204003813155,0.9354838709677419,9.0,16.0,232.0
997,249,0.24974924774322968,TRANSITION,262144,blackman,10,2,0.667302192564347,0.8629032258064516,349.0,34.0,214.0
997,249,0.24974924774322968,TRANSITION,262144,blackman,10,3,0.8493803622497617,0.8629032258064516,158.0,34.0,214.0
997,249,0.24974924774322968,TRANSITION,262144,blackman,10,4,0.9571020019065777,0.8629032258064516,45.0,34.0,214.0
997,249,0.24974924774322968,TRANSITION,262144,blackman,10,5,0.9866539561487131,0.8629032258064516,14.0,34.0,214.0
997,249,0.24974924774322968,TRANSITION,262144,blackman,10,6,0.9895138226882746,0.8629032258064516,11.0,34.0,214.0
997,249,0.24974924774322968,TRANSITION,262144,blackman,10,7,0.9895138226882746,0.8629032258064516,11.0,34.0,214.0
997,249,0.24974924774322968,TRANSITION,262144,blackman,10,8,0.9895138226882746,0.8629032258064516,11.0,34.0,214.0
997,249,0.24974924774322968,TRANSITION,262144,blackman,10,9,0.9895138226882746,0.8629032258064516,11.0,34.0,214.0
997,249,0.24974924774322968,TRANSITION,262144,blackman,10,10,0.9895138226882746,0.8629032258064516,11.0,34.0,214.0
997,249,0.24974924774322968,TRANSITION,262144,blackman,10,11,0.9895138226882746,0.8629032258064516,11.0,34.0,214.0
997,498,0.49949849548645936,LOW_SNR,65536,hann,9,2,0.8669201520912547,0.11267605633802817,35.0,441.0,56.0
997,498,0.49949849548645936,LOW_SNR,65536,hann,9,3,0.9505703422053232,0.11267605633802817,13.0,441.0,56.0
997,498,0.49949849548645936,LOW_SNR,65536,hann,9,4,0.9657794676806084,0.11267605633802817,9.0,441.0,56.0
997,498,0.49949849548645936,LOW_SNR,65536,hann,9,5,0.973384030418251,0.11267605633802817,7.0,441.0,56.0
997,498,0.49949849548645936,LOW_SNR,65536,hann,9,6,0.973384030418251,0.11267605633802817,7.0,441.0,56.0
997,498,0.49949849548645936,LOW_SNR,65536,hann,9,7,0.973384030418251,0.11267605633802817,7.0,441.0,56.0
997,498,0.49949849548645936,LOW_SNR,65536,hann,9,8,0.973384030418251,0.11267605633802817,7.0,441.0,56.0
997,498,0.49949849548645936,LOW_SNR,65536,hann,9,9,0.973384030418251,0.11267605633802817,7.0,441.0,56.0
997,498,0.49949849548645936,LOW_SNR,65536,hann,9,10,0.973384030418251,0.11267605633802817,7.0,441.0,56.0
997,498,0.49949849548645936,LOW_SNR,65536,hamming,9,2,0.8897338403041825,0.12474849094567404,29.0,435.0,62.0
997,498,0.49949849548645936,LOW_SNR,65536,hamming,9,3,0.9581749049429658,0.12474849094567404,11.0,435.0,62.0
997,498,0.49949849548645936,LOW_SNR,65536,hamming,9,4,0.973384030418251,0.12474849094567404,7.0,435.0,62.0
997,498,0.49949849548645936,LOW_SNR,65536,hamming,9,5,0.973384030418251,0.12474849094567404,7.0,435.0,62.0
997,498,0.49949849548645936,LOW_SNR,65536,hamming,9,6,0.973384030418251,0.12474849094567404,7.0,435.0,62.0
997,498,0.49949849548645936,LOW_SNR,65536,hamming,9,7,0.973384030418251,0.12474849094567404,7.0,435.0,62.0
997,498,0.49949849548645936,LOW_SNR,65536,hamming,9,8,0.973384030418251,0.12474849094567404,7.0,435.0,62.0
997,498,0.49949849548645936,LOW_SNR,65536,hamming,9,9,0.973384030418251,0.12474849094567404,7.0,435.0,62.0
997,498,0.49949849548645936,LOW_SNR,65536,hamming,9,10,0.973384030418251,0.12474849094567404,7.0,435.0,62.0
997,498,0.49949849548645936,LOW_SNR,65536,blackman,9,2,0.8365019011406845,0.10865191146881288,43.0,443.0,54.0
997,498,0.49949849548645936,LOW_SNR,65536,blackman,9,3,0.935361216730038,0.10865191146881288,17.0,443.0,54.0
997,498,0.49949849548645936,LOW_SNR,65536,blackman,9,4,0.9505703422053232,0.10865191146881288,13.0,443.0,54.0
997,498,0.49949849548645936,LOW_SNR,65536,blackman,9,5,0.9657794676806084,0.10865191146881288,9.0,443.0,54.0
997,498,0.49949849548645936,LOW_SNR,65536,blackman,9,6,0.9657794676806084,0.10865191146881288,9.0,443.0,54.0
997,498,0.49949849548645936,LOW_SNR,65536,blackman,9,7,0.9657794676806084,0.10865191146881288,9.0,443.0,54.0
997,498,0.49949849548645936,LOW_SNR,65536,blackman,9,8,0.9657794676806084,0.10865191146881288,9.0,443.0,54.0
997,498,0.49949849548645936,LOW_SNR,65536,blackman,9,9,0.9657794676806084,0.10865191146881288,9.0,443.0,54.0
997,498,0.49949849548645936,LOW_SNR,65536,blackman,9,10,0.9657794676806084,0.10865191146881288,9.0,443.0,54.0
997,498,0.49949849548645936,LOW_SNR,131072,hann,9,2,0.8495238095238096,0.23742454728370221,79.0,379.0,118.0
997,498,0.49949849548645936,LOW_SNR,131072,hann,9,3,0.9676190476190476,0.23742454728370221,17.0,379.0,118.0
997,498,0.49949849548645936,LOW_SNR,131072,hann,9,4,0.979047619047619,0.23742454728370221,11.0,379.0,118.0
997,498,0.49949849548645936,LOW_SNR,131072,hann,9,5,0.9828571428571429,0.23742454728370221,9.0,379.0,118.0
997,498,0.49949849548645936,LOW_SNR,131072,hann,9,6,0.9828571428571429,0.23742454728370221,9.0,379.0,118.0
997,498,0.49949849548645936,LOW_SNR,131072,hann,9,7,0.9828571428571429,0.23742454728370221,9.0,379.0,118.0
997,498,0.49949849548645936,LOW_SNR,131072,hann,9,8,0.9828571428571429,0.23742454728370221,9.0,379.0,118.0
997,498,0.49949849548645936,LOW_SNR,131072,hann,9,9,0.9828571428571429,0.23742454728370221,9.0,379.0,118.0
997,498,0.49949849548645936,LOW_SNR,131072,hann,9,10,0.9828571428571429,0.23742454728370221,9.0,379.0,118.0
997,498,0.49949849548645936,LOW_SNR,131072,hann,9,11,0.9828571428571429,0.23742454728370221,9.0,379.0,118.0
997,498,0.49949849548645936,LOW_SNR,131072,hamming,9,2,0.8914285714285715,0.24949698189134809,57.0,373.0,124.0
997,498,0.49949849548645936,LOW_SNR,131072,hamming,9,3,0.9714285714285714,0.24949698189134809,15.0,373.0,124.0
997,498,0.49949849548645936,LOW_SNR,131072,hamming,9,4,0.9828571428571429,0.24949698189134809,9.0,373.0,124.0
997,498,0.49949849548645936,LOW_SNR,131072,hamming,9,5,0.9866666666666667,0.24949698189134809,7.0,373.0,124.0
997,498,0.49949849548645936,LOW_SNR,131072,hamming,9,6,0.9866666666666667,0.24949698189134809,7.0,373.0,124.0
997,498,0.49949849548645936,LOW_SNR,131072,hamming,9,7,0.9866666666666667,0.24949698189134809,7.0,373.0,124.0
997,498,0.49949849548645936,LOW_SNR,131072,hamming,9,8,0.9866666666666667,0.24949698189134809,7.0,373.0,124.0
997,498,0.49949849548645936,LOW_SNR,131072,hamming,9,9,0.9866666666666667,0.24949698189134809,7.0,373.0,124.0
997,498,0.49949849548645936,LOW_SNR,131072,hamming,9,10,0.9866666666666667,0.24949698189134809,7.0,373.0,124.0
997,498,0.49949849548645936,LOW_SNR,131072,hamming,9,11,0.9866666666666667,0.24949698189134809,7.0,373.0,124.0
997,498,0.49949849548645936,LOW_SNR,131072,blackman,9,2,0.780952380952381,0.19718309859154928,115.0,399.0,98.0
997,498,0.49949849548645936,LOW_SNR,131072,blackman,9,3,0.9295238095238095,0.19718309859154928,37.0,399.0,98.0
997,498,0.49949849548645936,LOW_SNR,131072,blackman,9,4,0.9714285714285714,0.19718309859154928,15.0,399.0,98.0
997,498,0.49949849548645936,LOW_SNR,131072,blackman,9,5,0.979047619047619,0.19718309859154928,11.0,399.0,98.0
997,498,0.49949849548645936,LOW_SNR,131072,blackman,9,6,0.9828571428571429,0.19718309859154928,9.0,399.0,98.0
997,498,0.49949849548645936,LOW_SNR,131072,blackman,9,7,0.9828571428571429,0.19718309859154928,9.0,399.0,98.0
997,498,0.49949849548645936,LOW_SNR,131072,blackman,9,8,0.9828571428571429,0.19718309859154928,9.0,399.0,98.0
997,498,0.49949849548645936,LOW_SNR,131072,blackman,9,9,0.9828571428571429,0.19718309859154928,9.0,399.0,98.0
997,498,0.49949849548645936,LOW_SNR,131072,blackman,9,10,0.9828571428571429,0.19718309859154928,9.0,399.0,98.0
997,498,0.49949849548645936,LOW_SNR,131072,blackman,9,11,0.9828571428571429,0.19718309859154928,9.0,399.0,98.0
997,498,0.49949849548645936,LOW_SNR,262144,hann,10,2,0.7931363203050524,0.3983903420523139,217.0,299.0,198.0
997,498,0.49949849548645936,LOW_SNR,262144,hann,10,3,0.9380362249761678,0.3983903420523139,65.0,299.0,198.0
997,498,0.49949849548645936,LOW_SNR,262144,hann,10,4,0.9876072449952336,0.3983903420523139,13.0,299.0,198.0
997,498,0.49949849548645936,LOW_SNR,262144,hann,10,5,0.9914204003813155,0.3983903420523139,9.0,299.0,198.0
997,498,0.49949849548645936,LOW_SNR,262144,hann,10,6,0.9914204003813155,0.3983903420523139,9.0,299.0,198.0
997,498,0.49949849548645936,LOW_SNR,262144,hann,10,7,0.9914204003813155,0.3983903420523139,9.0,299.0,198.0
997,498,0.49949849548645936,LOW_SNR,262144,hann,10,8,0.9914204003813155,0.3983903420523139,9.0,299.0,198.0
997,498,0.49949849548645936,LOW_SNR,262144,hann,10,9,0.9914204003813155,0.3983903420523139,9.0,299.0,198.0
997,498,0.49949849548645936,LOW_SNR,262144,hann,10,10,0.9914204003813155,0.3983903420523139,9.0,299.0,198.0
997,498,0.49949849548645936,LOW_SNR,262144,hann,10,11,0.9914204003813155,0.3983903420523139,9.0,299.0,198.0
997,498,0.49949849548645936,LOW_SNR,262144,hamming,10,2,0.8312678741658722,0.42655935613682094,177.0,285.0,212.0
997,498,0.49949849548645936,LOW_SNR,262144,hamming,10,3,0.9609151572926596,0.42655935613682094,41.0,285.0,212.0
997,498,0.49949849548645936,LOW_SNR,262144,hamming,10,4,0.9895138226882746,0.42655935613682094,11.0,285.0,212.0
997,498,0.49949849548645936,LOW_SNR,262144,hamming,10,5,0.9914204003813155,0.42655935613682094,9.0,285.0,212.0
997,498,0.49949849548645936,LOW_SNR,262144,hamming,10,6,0.9914204003813155,0.42655935613682094,9.0,285.0,212.0
997,498,0.49949849548645936,LOW_SNR,262144,hamming,10,7,0.9914204003813155,0.42655935613682094,9.0,285.0,212.0
997,498,0.49949849548645936,LOW_SNR,262144,hamming,10,8,0.9914204003813155,0.42655935613682094,9.0,285.0,212.0
997,498,0.49949849548645936,LOW_SNR,262144,hamming,10,9,0.9914204003813155,0.42655935613682094,9.0,285.0,212.0
997,498,0.49949849548645936,LOW_SNR,262144,hamming,10,10,0.9914204003813155,0.42655935613682094,9.0,285.0,212.0
997,498,0.49949849548645936,LOW_SNR,262144,hamming,10,11,0.9914204003813155,0.42655935613682094,9.0,285.0,212.0
997,498,0.49949849548645936,LOW_SNR,262144,blackman,10,2,0.7283126787416587,0.3501006036217304,285.0,323.0,174.0
997,498,0.49949849548645936,LOW_SNR,262144,blackman,10,3,0.894184938036225,0.3501006036217304,111.0,323.0,174.0
997,498,0.49949849548645936,LOW_SNR,262144,blackman,10,4,0.9723546234509056,0.3501006036217304,29.0,323.0,174.0
997,498,0.49949849548645936,LOW_SNR,262144,blackman,10,5,0.9857006673021925,0.3501006036217304,15.0,323.0,174.0
997,498,0.49949849548645936,LOW_SNR,262144,blackman,10,6,0.9895138226882746,0.3501006036217304,11.0,323.0,174.0
997,498,0.49949849548645936,LOW_SNR,262144,blackman,10,7,0.9895138226882746,0.3501006036217304,11.0,323.0,174.0
997,498,0.49949849548645936,LOW_SNR,262144,blackman,10,8,0.9895138226882746,0.3501006036217304,11.0,323.0,174.0
997,498,0.49949849548645936,LOW_SNR,262144,blackman,10,9,0.9895138226882746,0.3501006036217304,11.0,323.0,174.0
997,498,0.49949849548645936,LOW_SNR,262144,blackman,10,10,0.9895138226882746,0.3501006036217304,11.0,323.0,174.0
997,498,0.49949849548645936,LOW_SNR,262144,blackman,10,11,0.9895138226882746,0.3501006036217304,11.0,323.0,174.0
1009,28,0.027750247770069375,HIGH_SNR,65536,hann,9,2,0.5133079847908745,1.0,128.0,0.0,27.0
1009,28,0.027750247770069375,HIGH_SNR,65536,hann,9,3,0.688212927756654,1.0,82.0,0.0,27.0
1009,28,0.027750247770069375,HIGH_SNR,65536,hann,9,4,0.7832699619771863,1.0,57.0,0.0,27.0
1009,28,0.027750247770069375,HIGH_SNR,65536,hann,9,5,0.8517110266159695,1.0,39.0,0.0,27.0
1009,28,0.027750247770069375,HIGH_SNR,65536,hann,9,6,0.9201520912547528,1.0,21.0,0.0,27.0
1009,28,0.027750247770069375,HIGH_SNR,65536,hann,9,7,0.9505703422053232,1.0,13.0,0.0,27.0
1009,28,0.027750247770069375,HIGH_SNR,65536,hann,9,8,0.9505703422053232,1.0,13.0,0.0,27.0
1009,28,0.027750247770069375,HIGH_SNR,65536,hann,9,9,0.9505703422053232,1.0,13.0,0.0,27.0
1009,28,0.027750247770069375,HIGH_SNR,65536,hann,9,10,0.9505703422053232,1.0,13.0,0.0,27.0
1009,28,0.027750247770069375,HIGH_SNR,65536,hamming,9,2,0.5133079847908745,1.0,128.0,0.0,27.0
1009,28,0.027750247770069375,HIGH_SNR,65536,hamming,9,3,0.7034220532319392,1.0,78.0,0.0,27.0
1009,28,0.027750247770069375,HIGH_SNR,65536,hamming,9,4,0.8060836501901141,1.0,51.0,0.0,27.0
1009,28,0.027750247770069375,HIGH_SNR,65536,hamming,9,5,0.8745247148288974,1.0,33.0,0.0,27.0
1009,28,0.027750247770069375,HIGH_SNR,65536,hamming,9,6,0.9429657794676806,1.0,15.0,0.0,27.0
1009,28,0.027750247770069375,HIGH_SNR,65536,hamming,9,7,0.9581749049429658,1.0,11.0,0.0,27.0
1009,28,0.027750247770069375,HIGH_SNR,65536,hamming,9,8,0.9581749049429658,1.0,11.0,0.0,27.0
1009,28,0.027750247770069375,HIGH_SNR,65536,hamming,9,9,0.9581749049429658,1.0,11.0,0.0,27.0
1009,28,0.027750247770069375,HIGH_SNR,65536,hamming,9,10,0.9581749049429658,1.0,11.0,0.0,27.0
1009,28,0.027750247770069375,HIGH_SNR,65536,blackman,9,2,0.4866920152091255,1.0,135.0,0.0,27.0
1009,28,0.027750247770069375,HIGH_SNR,65536,blackman,9,3,0.6463878326996197,1.0,93.0,0.0,27.0
1009,28,0.027750247770069375,HIGH_SNR,65536,blackman,9,4,0.714828897338403,1.0,75.0,0.0,27.0
1009,28,0.027750247770069375,HIGH_SNR,65536,blackman,9,5,0.7832699619771863,1.0,57.0,0.0,27.0
1009,28,0.027750247770069375,HIGH_SNR,65536,blackman,9,6,0.8517110266159695,1.0,39.0,0.0,27.0
1009,28,0.027750247770069375,HIGH_SNR,65536,blackman,9,7,0.9201520912547528,1.0,21.0,0.0,27.0
1009,28,0.027750247770069375,HIGH_SNR,65536,blackman,9,8,0.9505703422053232,1.0,13.0,0.0,27.0
1009,28,0.027750247770069375,HIGH_SNR,65536,blackman,9,9,0.9505703422053232,1.0,13.0,0.0,27.0
1009,28,0.027750247770069375,HIGH_SNR,65536,blackman,9,10,0.9505703422053232,1.0,13.0,0.0,27.0
1009,28,0.027750247770069375,HIGH_SNR,131072,hann,9,2,0.2571428571428571,1.0,390.0,0.0,27.0
1009,28,0.027750247770069375,HIGH_SNR,131072,hann,9,3,0.36,1.0,336.0,0.0,27.0
1009,28,0.027750247770069375,HIGH_SNR,131072,hann,9,4,0.46285714285714286,1.0,282.0,0.0,27.0
1009,28,0.027750247770069375,HIGH_SNR,131072,hann,9,5,0.5657142857142857,1.0,228.0,0.0,27.0
1009,28,0.027750247770069375,HIGH_SNR,131072,hann,9,6,0.6685714285714286,1.0,174.0,0.0,27.0
1009,28,0.027750247770069375,HIGH_SNR,131072,hann,9,7,0.7504761904761905,1.0,131.0,0.0,27.0
1009,28,0.027750247770069375,HIGH_SNR,131072,hann,9,8,0.7733333333333333,1.0,119.0,0.0,27.0
1009,28,0.027750247770069375,HIGH_SNR,131072,hann,9,9,0.8076190476190476,1.0,101.0,0.0,27.0
1009,28,0.027750247770069375,HIGH_SNR,131072,hann,9,10,0.8419047619047619,1.0,83.0,0.0,27.0
1009,28,0.027750247770069375,HIGH_SNR,131072,hann,9,11,0.8761904761904762,1.0,65.0,0.0,27.0
1009,28,0.027750247770069375,HIGH_SNR,131072,hamming,9,2,0.2571428571428571,1.0,390.0,0.0,27.0
1009,28,0.027750247770069375,HIGH_SNR,131072,hamming,9,3,0.36,1.0,336.0,0.0,27.0
1009,28,0.027750247770069375,HIGH_SNR,131072,hamming,9,4,0.46285714285714286,1.0,282.0,0.0,27.0
1009,28,0.027750247770069375,HIGH_SNR,131072,hamming,9,5,0.5657142857142857,1.0,228.0,0.0,27.0
1009,28,0.027750247770069375,HIGH_SNR,131072,hamming,9,6,0.6685714285714286,1.0,174.0,0.0,27.0
1009,28,0.027750247770069375,HIGH_SNR,131072,hamming,9,7,0.7219047619047619,1.0,146.0,0.0,27.0
1009,28,0.027750247770069375,HIGH_SNR,131072,hamming,9,8,0.7295238095238096,1.0,142.0,0.0,27.0
1009,28,0.027750247770069375,HIGH_SNR,131072,hamming,9,9,0.7409523809523809,1.0,136.0,0.0,27.0
1009,28,0.027750247770069375,HIGH_SNR,131072,hamming,9,10,0.7409523809523809,1.0,136.0,0.0,27.0
1009,28,0.027750247770069375,HIGH_SNR,131072,hamming,9,11,0.7409523809523809,1.0,136.0,0.0,27.0
1009,28,0.027750247770069375,HIGH_SNR,131072,blackman,9,2,0.2571428571428571,1.0,390.0,0.0,27.0
1009,28,0.027750247770069375,HIGH_SNR,131072,blackman,9,3,0.36,1.0,336.0,0.0,27.0
1009,28,0.027750247770069375,HIGH_SNR,131072,blackman,9,4,0.46285714285714286,1.0,282.0,0.0,27.0
1009,28,0.027750247770069375,HIGH_SNR,131072,blackman,9,5,0.5657142857142857,1.0,228.0,0.0,27.0
1009,28,0.027750247770069375,HIGH_SNR,131072,blackman,9,6,0.6685714285714286,1.0,174.0,0.0,27.0
1009,28,0.027750247770069375,HIGH_SNR,131072,blackman,9,7,0.7714285714285715,1.0,120.0,0.0,27.0
1009,28,0.027750247770069375,HIGH_SNR,131072,blackman,9,8,0.8742857142857143,1.0,66.0,0.0,27.0
1009,28,0.027750247770069375,HIGH_SNR,131072,blackman,9,9,0.9257142857142857,1.0,39.0,0.0,27.0
1009,28,0.027750247770069375,HIGH_SNR,131072,blackman,9,10,0.96,1.0,21.0,0.0,27.0
1009,28,0.027750247770069375,HIGH_SNR,131072,blackman,9,11,0.96,1.0,21.0,0.0,27.0
1009,28,0.027750247770069375,HIGH_SNR,262144,hann,10,2,0.12869399428026693,1.0,914.0,0.0,27.0
1009,28,0.027750247770069375,HIGH_SNR,262144,hann,10,3,0.1801715919923737,1.0,860.0,0.0,27.0
1009,28,0.027750247770069375,HIGH_SNR,262144,hann,10,4,0.23164918970448045,1.0,806.0,0.0,27.0
1009,28,0.027750247770069375,HIGH_SNR,262144,hann,10,5,0.2831267874165872,1.0,752.0,0.0,27.0
1009,28,0.027750247770069375,HIGH_SNR,262144,hann,10,6,0.334604385128694,1.0,698.0,0.0,27.0
1009,28,0.027750247770069375,HIGH_SNR,262144,hann,10,7,0.38608198284080075,1.0,644.0,0.0,27.0
1009,28,0.027750247770069375,HIGH_SNR,262144,hann,10,8,0.43183984747378457,1.0,596.0,0.0,27.0
1009,28,0.027750247770069375,HIGH_SNR,262144,hann,10,9,0.4833174451858913,1.0,542.0,0.0,27.0
1009,28,0.027750247770069375,HIGH_SNR,262144,hann,10,10,0.5347950428979981,1.0,488.0,0.0,27.0
1009,28,0.027750247770069375,HIGH_SNR,262144,hann,10,11,0.5862726406101049,1.0,434.0,0.0,27.0
1009,28,0.027750247770069375,HIGH_SNR,262144,hamming,10,2,0.12869399428026693,1.0,914.0,0.0,27.0
1009,28,0.027750247770069375,HIGH_SNR,262144,hamming,10,3,0.1801715919923737,1.0,860.0,0.0,27.0
1009,28,0.027750247770069375,HIGH_SNR,262144,hamming,10,4,0.23164918970448045,1.0,806.0,0.0,27.0
1009,28,0.027750247770069375,HIGH_SNR,262144,hamming,10,5,0.2831267874165872,1.0,752.0,0.0,27.0
1009,28,0.027750247770069375,HIGH_SNR,262144,hamming,10,6,0.334604385128694,1.0,698.0,0.0,27.0
1009,28,0.027750247770069375,HIGH_SNR,262144,hamming,10,7,0.37273593898951385,1.0,658.0,0.0,27.0
1009,28,0.027750247770069375,HIGH_SNR,262144,hamming,10,8,0.38036224976167776,1.0,650.0,0.0,27.0
1009,28,0.027750247770069375,HIGH_SNR,262144,hamming,10,9,0.39752144899904673,1.0,632.0,0.0,27.0
1009,28,0.027750247770069375,HIGH_SNR,262144,hamming,10,10,0.40324118207816967,1.0,626.0,0.0,27.0
1009,28,0.027750247770069375,HIGH_SNR,262144,hamming,10,11,0.4051477597712107,1.0,624.0,0.0,27.0
1009,28,0.027750247770069375,HIGH_SNR,262144,blackman,10,2,0.12869399428026693,1.0,914.0,0.0,27.0
1009,28,0.027750247770069375,HIGH_SNR,262144,blackman,10,3,0.1801715919923737,1.0,860.0,0.0,27.0
1009,28,0.027750247770069375,HIGH_SNR,262144,blackman,10,4,0.23164918970448045,1.0,806.0,0.0,27.0
1009,28,0.027750247770069375,HIGH_SNR,262144,blackman,10,5,0.2831267874165872,1.0,752.0,0.0,27.0
1009,28,0.027750247770069375,HIGH_SNR,262144,blackman,10,6,0.334604385128694,1.0,698.0,0.0,27.0
1009,28,0.027750247770069375,HIGH_SNR,262144,blackman,10,7,0.38608198284080075,1.0,644.0,0.0,27.0
1009,28,0.027750247770069375,HIGH_SNR,262144,blackman,10,8,0.43755958055290756,1.0,590.0,0.0,27.0
1009,28,0.027750247770069375,HIGH_SNR,262144,blackman,10,9,0.4890371782650143,1.0,536.0,0.0,27.0
1009,28,0.027750247770069375,HIGH_SNR,262144,blackman,10,10,0.540514775977121,1.0,482.0,0.0,27.0
1009,28,0.027750247770069375,HIGH_SNR,262144,blackman,10,11,0.5843660629170638,1.0,436.0,0.0,27.0
1009,252,0.24975222993062438,TRANSITION,65536,hann,9,2,0.8326996197718631,0.20318725099601595,44.0,200.0,51.0
1009,252,0.24975222993062438,TRANSITION,65536,hann,9,3,0.9619771863117871,0.20318725099601595,10.0,200.0,51.0
1009,252,0.24975222993062438,TRANSITION,65536,hann,9,4,0.9923954372623575,0.20318725099601595,2.0,200.0,51.0
1009,252,0.24975222993062438,TRANSITION,65536,hann,9,5,1.0,0.20318725099601595,0.0,200.0,51.0
1009,252,0.24975222993062438,TRANSITION,65536,hann,9,6,1.0,0.20318725099601595,0.0,200.0,51.0
1009,252,0.24975222993062438,TRANSITION,65536,hann,9,7,1.0,0.20318725099601595,0.0,200.0,51.0
1009,252,0.24975222993062438,TRANSITION,65536,hann,9,8,1.0,0.20318725099601595,0.0,200.0,51.0
1009,252,0.24975222993062438,TRANSITION,65536,hann,9,9,1.0,0.20318725099601595,0.0,200.0,51.0
1009,252,0.24975222993062438,TRANSITION,65536,hann,9,10,1.0,0.20318725099601595,0.0,200.0,51.0
1009,252,0.24975222993062438,TRANSITION,65536,hamming,9,2,0.8745247148288974,0.21912350597609562,33.0,196.0,55.0
1009,252,0.24975222993062438,TRANSITION,65536,hamming,9,3,0.973384030418251,0.21912350597609562,7.0,196.0,55.0
1009,252,0.24975222993062438,TRANSITION,65536,hamming,9,4,0.9885931558935361,0.21912350597609562,3.0,196.0,55.0
1009,252,0.24975222993062438,TRANSITION,65536,hamming,9,5,0.9961977186311787,0.21912350597609562,1.0,196.0,55.0
1009,252,0.24975222993062438,TRANSITION,65536,hamming,9,6,0.9961977186311787,0.21912350597609562,1.0,196.0,55.0
1009,252,0.24975222993062438,TRANSITION,65536,hamming,9,7,0.9961977186311787,0.21912350597609562,1.0,196.0,55.0
1009,252,0.24975222993062438,TRANSITION,65536,hamming,9,8,0.9961977186311787,0.21912350597609562,1.0,196.0,55.0
1009,252,0.24975222993062438,TRANSITION,65536,hamming,9,9,0.9961977186311787,0.21912350597609562,1.0,196.0,55.0
1009,252,0.24975222993062438,TRANSITION,65536,hamming,9,10,0.9961977186311787,0.21912350597609562,1.0,196.0,55.0
1009,252,0.24975222993062438,TRANSITION,65536,blackman,9,2,0.7718631178707225,0.1952191235059761,60.0,202.0,49.0
1009,252,0.24975222993062438,TRANSITION,65536,blackman,9,3,0.9239543726235742,0.1952191235059761,20.0,202.0,49.0
1009,252,0.24975222993062438,TRANSITION,65536,blackman,9,4,0.9847908745247148,0.1952191235059761,4.0,202.0,49.0
1009,252,0.24975222993062438,TRANSITION,65536,blackman,9,5,0.9923954372623575,0.1952191235059761,2.0,202.0,49.0
1009,252,0.24975222993062438,TRANSITION,65536,blackman,9,6,1.0,0.1952191235059761,0.0,202.0,49.0
1009,252,0.24975222993062438,TRANSITION,65536,blackman,9,7,1.0,0.1952191235059761,0.0,202.0,49.0
1009,252,0.24975222993062438,TRANSITION,65536,blackman,9,8,1.0,0.1952191235059761,0.0,202.0,49.0
1009,252,0.24975222993062438,TRANSITION,65536,blackman,9,9,1.0,0.1952191235059761,0.0,202.0,49.0
1009,252,0.24975222993062438,TRANSITION,65536,blackman,9,10,1.0,0.1952191235059761,0.0,202.0,49.0
1009,252,0.24975222993062438,TRANSITION,131072,hann,9,2,0.7466666666666667,0.3784860557768924,133.0,156.0,95.0
1009,252,0.24975222993062438,TRANSITION,131072,hann,9,3,0.9142857142857143,0.3784860557768924,45.0,156.0,95.0
1009,252,0.24975222993062438,TRANSITION,131072,hann,9,4,0.979047619047619,0.3784860557768924,11.0,156.0,95.0
1009,252,0.24975222993062438,TRANSITION,131072,hann,9,5,0.9866666666666667,0.3784860557768924,7.0,156.0,95.0
1009,252,0.24975222993062438,TRANSITION,131072,hann,9,6,0.9904761904761905,0.3784860557768924,5.0,156.0,95.0
1009,252,0.24975222993062438,TRANSITION,131072,hann,9,7,0.9904761904761905,0.3784860557768924,5.0,156.0,95.0
1009,252,0.24975222993062438,TRANSITION,131072,hann,9,8,0.9904761904761905,0.3784860557768924,5.0,156.0,95.0
1009,252,0.24975222993062438,TRANSITION,131072,hann,9,9,0.9904761904761905,0.3784860557768924,5.0,156.0,95.0
1009,252,0.24975222993062438,TRANSITION,131072,hann,9,10,0.9904761904761905,0.3784860557768924,5.0,156.0,95.0
1009,252,0.24975222993062438,TRANSITION,131072,hann,9,11,0.9904761904761905,0.3784860557768924,5.0,156.0,95.0
1009,252,0.24975222993062438,TRANSITION,131072,hamming,9,2,0.8,0.4103585657370518,105.0,148.0,103.0
1009,252,0.24975222993062438,TRANSITION,131072,hamming,9,3,0.9523809523809523,0.4103585657370518,25.0,148.0,103.0
1009,252,0.24975222993062438,TRANSITION,131072,hamming,9,4,0.9866666666666667,0.4103585657370518,7.0,148.0,103.0
1009,252,0.24975222993062438,TRANSITION,131072,hamming,9,5,0.9904761904761905,0.4103585657370518,5.0,148.0,103.0
1009,252,0.24975222993062438,TRANSITION,131072,hamming,9,6,0.9904761904761905,0.4103585657370518,5.0,148.0,103.0
1009,252,0.24975222993062438,TRANSITION,131072,hamming,9,7,0.9904761904761905,0.4103585657370518,5.0,148.0,103.0
1009,252,0.24975222993062438,TRANSITION,131072,hamming,9,8,0.9904761904761905,0.4103585657370518,5.0,148.0,103.0
1009,252,0.24975222993062438,TRANSITION,131072,hamming,9,9,0.9904761904761905,0.4103585657370518,5.0,148.0,103.0
1009,252,0.24975222993062438,TRANSITION,131072,hamming,9,10,0.9904761904761905,0.4103585657370518,5.0,148.0,103.0
1009,252,0.24975222993062438,TRANSITION,131072,hamming,9,11,0.9904761904761905,0.4103585657370518,5.0,148.0,103.0
1009,252,0.24975222993062438,TRANSITION,131072,blackman,9,2,0.6895238095238095,0.32270916334661354,163.0,170.0,81.0
1009,252,0.24975222993062438,TRANSITION,131072,blackman,9,3,0.8761904761904762,0.32270916334661354,65.0,170.0,81.0
1009,252,0.24975222993062438,TRANSITION,131072,blackman,9,4,0.9676190476190476,0.32270916334661354,17.0,170.0,81.0
1009,252,0.24975222993062438,TRANSITION,131072,blackman,9,5,0.9828571428571429,0.32270916334661354,9.0,170.0,81.0
1009,252,0.24975222993062438,TRANSITION,131072,blackman,9,6,0.9866666666666667,0.32270916334661354,7.0,170.0,81.0
1009,252,0.24975222993062438,TRANSITION,131072,blackman,9,7,0.9904761904761905,0.32270916334661354,5.0,170.0,81.0
1009,252,0.24975222993062438,TRANSITION,131072,blackman,9,8,0.9904761904761905,0.32270916334661354,5.0,170.0,81.0
1009,252,0.24975222993062438,TRANSITION,131072,blackman,9,9,0.9904761904761905,0.32270916334661354,5.0,170.0,81.0
1009,252,0.24975222993062438,TRANSITION,131072,blackman,9,10,0.9904761904761905,0.32270916334661354,5.0,170.0,81.0
1009,252,0.24975222993062438,TRANSITION,131072,blackman,9,11,0.9904761904761905,0.32270916334661354,5.0,170.0,81.0
1009,252,0.24975222993062438,TRANSITION,262144,hann,10,2,0.6768350810295519,0.6254980079681275,339.0,94.0,157.0
1009,252,0.24975222993062438,TRANSITION,262144,hann,10,3,0.8617731172545281,0.6254980079681275,145.0,94.0,157.0
1009,252,0.24975222993062438,TRANSITION,262144,hann,10,4,0.9609151572926596,0.6254980079681275,41.0,94.0,157.0
1009,252,0.24975222993062438,TRANSITION,262144,hann,10,5,0.9914204003813155,0.6254980079681275,9.0,94.0,157.0
1009,252,0.24975222993062438,TRANSITION,262144,hann,10,6,0.9933269780743565,0.6254980079681275,7.0,94.0,157.0
1009,252,0.24975222993062438,TRANSITION,262144,hann,10,7,0.9933269780743565,0.6254980079681275,7.0,94.0,157.0
1009,252,0.24975222993062438,TRANSITION,262144,hann,10,8,0.9933269780743565,0.6254980079681275,7.0,94.0,157.0
1009,252,0.24975222993062438,TRANSITION,262144,hann,10,9,0.9933269780743565,0.6254980079681275,7.0,94.0,157.0
1009,252,0.24975222993062438,TRANSITION,262144,hann,10,10,0.9933269780743565,0.6254980079681275,7.0,94.0,157.0
1009,252,0.24975222993062438,TRANSITION,262144,hann,10,11,0.9933269780743565,0.6254980079681275,7.0,94.0,157.0
1009,252,0.24975222993062438,TRANSITION,262144,hamming,10,2,0.7149666348903718,0.649402390438247,299.0,88.0,163.0
1009,252,0.24975222993062438,TRANSITION,262144,hamming,10,3,0.897998093422307,0.649402390438247,107.0,88.0,163.0
1009,252,0.24975222993062438,TRANSITION,262144,hamming,10,4,0.9799809342230696,0.649402390438247,21.0,88.0,163.0
1009,252,0.24975222993062438,TRANSITION,262144,hamming,10,5,0.9914204003813155,0.649402390438247,9.0,88.0,163.0
1009,252,0.24975222993062438,TRANSITION,262144,hamming,10,6,0.9933269780743565,0.649402390438247,7.0,88.0,163.0
1009,252,0.24975222993062438,TRANSITION,262144,hamming,10,7,0.9933269780743565,0.649402390438247,7.0,88.0,163.0
1009,252,0.24975222993062438,TRANSITION,262144,hamming,10,8,0.9933269780743565,0.649402390438247,7.0,88.0,163.0
1009,252,0.24975222993062438,TRANSITION,262144,hamming,10,9,0.9933269780743565,0.649402390438247,7.0,88.0,163.0
1009,252,0.24975222993062438,TRANSITION,262144,hamming,10,10,0.9933269780743565,0.649402390438247,7.0,88.0,163.0
1009,252,0.24975222993062438,TRANSITION,262144,hamming,10,11,0.9933269780743565,0.649402390438247,7.0,88.0,163.0
1009,252,0.24975222993062438,TRANSITION,262144,blackman,10,2,0.6253574833174452,0.5697211155378487,393.0,108.0,143.0
1009,252,0.24975222993062438,TRANSITION,262144,blackman,10,3,0.8083889418493804,0.5697211155378487,201.0,108.0,143.0
1009,252,0.24975222993062438,TRANSITION,262144,blackman,10,4,0.9227836034318398,0.5697211155378487,81.0,108.0,143.0
1009,252,0.24975222993062438,TRANSITION,262144,blackman,10,5,0.9818875119161106,0.5697211155378487,19.0,108.0,143.0
1009,252,0.24975222993062438,TRANSITION,262144,blackman,10,6,0.9895138226882746,0.5697211155378487,11.0,108.0,143.0
1009,252,0.24975222993062438,TRANSITION,262144,blackman,10,7,0.9914204003813155,0.5697211155378487,9.0,108.0,143.0
1009,252,0.24975222993062438,TRANSITION,262144,blackman,10,8,0.9914204003813155,0.5697211155378487,9.0,108.0,143.0
1009,252,0.24975222993062438,TRANSITION,262144,blackman,10,9,0.9914204003813155,0.5697211155378487,9.0,108.0,143.0
1009,252,0.24975222993062438,TRANSITION,262144,blackman,10,10,0.9914204003813155,0.5697211155378487,9.0,108.0,143.0
1009,252,0.24975222993062438,TRANSITION,262144,blackman,10,11,0.9914204003813155,0.5697211155378487,9.0,108.0,143.0
1009,504,0.49950445986124875,LOW_SNR,65536,hann,9,2,0.8060836501901141,0.10139165009940358,51.0,452.0,51.0
1009,504,0.49950445986124875,LOW_SNR,65536,hann,9,3,0.9201520912547528,0.10139165009940358,21.0,452.0,51.0
1009,504,0.49950445986124875,LOW_SNR,65536,hann,9,4,0.9505703422053232,0.10139165009940358,13.0,452.0,51.0
1009,504,0.49950445986124875,LOW_SNR,65536,hann,9,5,0.973384030418251,0.10139165009940358,7.0,452.0,51.0
1009,504,0.49950445986124875,LOW_SNR,65536,hann,9,6,0.973384030418251,0.10139165009940358,7.0,452.0,51.0
1009,504,0.49950445986124875,LOW_SNR,65536,hann,9,7,0.973384030418251,0.10139165009940358,7.0,452.0,51.0
1009,504,0.49950445986124875,LOW_SNR,65536,hann,9,8,0.973384030418251,0.10139165009940358,7.0,452.0,51.0
1009,504,0.49950445986124875,LOW_SNR,65536,hann,9,9,0.973384030418251,0.10139165009940358,7.0,452.0,51.0
1009,504,0.49950445986124875,LOW_SNR,65536,hann,9,10,0.973384030418251,0.10139165009940358,7.0,452.0,51.0
1009,504,0.49950445986124875,LOW_SNR,65536,hamming,9,2,0.844106463878327,0.13320079522862824,41.0,436.0,67.0
1009,504,0.49950445986124875,LOW_SNR,65536,hamming,9,3,0.9505703422053232,0.13320079522862824,13.0,436.0,67.0
1009,504,0.49950445986124875,LOW_SNR,65536,hamming,9,4,0.973384030418251,0.13320079522862824,7.0,436.0,67.0
1009,504,0.49950445986124875,LOW_SNR,65536,hamming,9,5,0.973384030418251,0.13320079522862824,7.0,436.0,67.0
1009,504,0.49950445986124875,LOW_SNR,65536,hamming,9,6,0.973384030418251,0.13320079522862824,7.0,436.0,67.0
1009,504,0.49950445986124875,LOW_SNR,65536,hamming,9,7,0.973384030418251,0.13320079522862824,7.0,436.0,67.0
1009,504,0.49950445986124875,LOW_SNR,65536,hamming,9,8,0.973384030418251,0.13320079522862824,7.0,436.0,67.0
1009,504,0.49950445986124875,LOW_SNR,65536,hamming,9,9,0.973384030418251,0.13320079522862824,7.0,436.0,67.0
1009,504,0.49950445986124875,LOW_SNR,65536,hamming,9,10,0.973384030418251,0.13320079522862824,7.0,436.0,67.0
1009,504,0.49950445986124875,LOW_SNR,65536,blackman,9,2,0.7718631178707225,0.09343936381709742,60.0,456.0,47.0
1009,504,0.49950445986124875,LOW_SNR,65536,blackman,9,3,0.8973384030418251,0.09343936381709742,27.0,456.0,47.0
1009,504,0.49950445986124875,LOW_SNR,65536,blackman,9,4,0.9429657794676806,0.09343936381709742,15.0,456.0,47.0
1009,504,0.49950445986124875,LOW_SNR,65536,blackman,9,5,0.9657794676806084,0.09343936381709742,9.0,456.0,47.0
1009,504,0.49950445986124875,LOW_SNR,65536,blackman,9,6,0.9657794676806084,0.09343936381709742,9.0,456.0,47.0
1009,504,0.49950445986124875,LOW_SNR,65536,blackman,9,7,0.9657794676806084,0.09343936381709742,9.0,456.0,47.0
1009,504,0.49950445986124875,LOW_SNR,65536,blackman,9,8,0.9657794676806084,0.09343936381709742,9.0,456.0,47.0
1009,504,0.49950445986124875,LOW_SNR,65536,blackman,9,9,0.9657794676806084,0.09343936381709742,9.0,456.0,47.0
1009,504,0.49950445986124875,LOW_SNR,65536,blackman,9,10,0.9657794676806084,0.09343936381709742,9.0,456.0,47.0
1009,504,0.49950445986124875,LOW_SNR,131072,hann,9,2,0.8247619047619048,0.23260437375745527,92.0,386.0,117.0
1009,504,0.49950445986124875,LOW_SNR,131072,hann,9,3,0.940952380952381,0.23260437375745527,31.0,386.0,117.0
1009,504,0.49950445986124875,LOW_SNR,131072,hann,9,4,0.9714285714285714,0.23260437375745527,15.0,386.0,117.0
1009,504,0.49950445986124875,LOW_SNR,131072,hann,9,5,0.9828571428571429,0.23260437375745527,9.0,386.0,117.0
1009,504,0.49950445986124875,LOW_SNR,131072,hann,9,6,0.9828571428571429,0.23260437375745527,9.0,386.0,117.0
1009,504,0.49950445986124875,LOW_SNR,131072,hann,9,7,0.9828571428571429,0.23260437375745527,9.0,386.0,117.0
1009,504,0.49950445986124875,LOW_SNR,131072,hann,9,8,0.9828571428571429,0.23260437375745527,9.0,386.0,117.0
1009,504,0.49950445986124875,LOW_SNR,131072,hann,9,9,0.9828571428571429,0.23260437375745527,9.0,386.0,117.0
1009,504,0.49950445986124875,LOW_SNR,131072,hann,9,10,0.9828571428571429,0.23260437375745527,9.0,386.0,117.0
1009,504,0.49950445986124875,LOW_SNR,131072,hann,9,11,0.9828571428571429,0.23260437375745527,9.0,386.0,117.0
1009,504,0.49950445986124875,LOW_SNR,131072,hamming,9,2,0.8723809523809524,0.25646123260437376,67.0,374.0,129.0
1009,504,0.49950445986124875,LOW_SNR,131072,hamming,9,3,0.9714285714285714,0.25646123260437376,15.0,374.0,129.0
1009,504,0.49950445986124875,LOW_SNR,131072,hamming,9,4,0.9866666666666667,0.25646123260437376,7.0,374.0,129.0
1009,504,0.49950445986124875,LOW_SNR,131072,hamming,9,5,0.9866666666666667,0.25646123260437376,7.0,374.0,129.0
1009,504,0.49950445986124875,LOW_SNR,131072,hamming,9,6,0.9866666666666667,0.25646123260437376,7.0,374.0,129.0
1009,504,0.49950445986124875,LOW_SNR,131072,hamming,9,7,0.9866666666666667,0.25646123260437376,7.0,374.0,129.0
1009,504,0.49950445986124875,LOW_SNR,131072,hamming,9,8,0.9866666666666667,0.25646123260437376,7.0,374.0,129.0
1009,504,0.49950445986124875,LOW_SNR,131072,hamming,9,9,0.9866666666666667,0.25646123260437376,7.0,374.0,129.0
1009,504,0.49950445986124875,LOW_SNR,131072,hamming,9,10,0.9866666666666667,0.25646123260437376,7.0,374.0,129.0
1009,504,0.49950445986124875,LOW_SNR,131072,hamming,9,11,0.9866666666666667,0.25646123260437376,7.0,374.0,129.0
1009,504,0.49950445986124875,LOW_SNR,131072,blackman,9,2,0.7542857142857143,0.2047713717693837,129.0,400.0,103.0
1009,504,0.49950445986124875,LOW_SNR,131072,blackman,9,3,0.8990476190476191,0.2047713717693837,53.0,400.0,103.0
1009,504,0.49950445986124875,LOW_SNR,131072,blackman,9,4,0.9561904761904761,0.2047713717693837,23.0,400.0,103.0
1009,504,0.49950445986124875,LOW_SNR,131072,blackman,9,5,0.9714285714285714,0.2047713717693837,15.0,400.0,103.0
1009,504,0.49950445986124875,LOW_SNR,131072,blackman,9,6,0.9828571428571429,0.2047713717693837,9.0,400.0,103.0
1009,504,0.49950445986124875,LOW_SNR,131072,blackman,9,7,0.9828571428571429,0.2047713717693837,9.0,400.0,103.0
1009,504,0.49950445986124875,LOW_SNR,131072,blackman,9,8,0.9828571428571429,0.2047713717693837,9.0,400.0,103.0
1009,504,0.49950445986124875,LOW_SNR,131072,blackman,9,9,0.9828571428571429,0.2047713717693837,9.0,400.0,103.0
1009,504,0.49950445986124875,LOW_SNR,131072,blackman,9,10,0.9828571428571429,0.2047713717693837,9.0,400.0,103.0
1009,504,0.49950445986124875,LOW_SNR,131072,blackman,9,11,0.9828571428571429,0.2047713717693837,9.0,400.0,103.0
1009,504,0.49950445986124875,LOW_SNR,262144,hann,10,2,0.7950428979980935,0.3956262425447316,215.0,304.0,199.0
1009,504,0.49950445986124875,LOW_SNR,262144,hann,10,3,0.9304099142040038,0.3956262425447316,73.0,304.0,199.0
1009,504,0.49950445986124875,LOW_SNR,262144,hann,10,4,0.9837940896091516,0.3956262425447316,17.0,304.0,199.0
1009,504,0.49950445986124875,LOW_SNR,262144,hann,10,5,0.9914204003813155,0.3956262425447316,9.0,304.0,199.0
1009,504,0.49950445986124875,LOW_SNR,262144,hann,10,6,0.9914204003813155,0.3956262425447316,9.0,304.0,199.0
1009,504,0.49950445986124875,LOW_SNR,262144,hann,10,7,0.9914204003813155,0.3956262425447316,9.0,304.0,199.0
1009,504,0.49950445986124875,LOW_SNR,262144,hann,10,8,0.9914204003813155,0.3956262425447316,9.0,304.0,199.0
1009,504,0.49950445986124875,LOW_SNR,262144,hann,10,9,0.9914204003813155,0.3956262425447316,9.0,304.0,199.0
1009,504,0.49950445986124875,LOW_SNR,262144,hann,10,10,0.9914204003813155,0.3956262425447316,9.0,304.0,199.0
1009,504,0.49950445986124875,LOW_SNR,262144,hann,10,11,0.9914204003813155,0.3956262425447316,9.0,304.0,199.0
1009,504,0.49950445986124875,LOW_SNR,262144,hamming,10,2,0.8312678741658722,0.4274353876739563,177.0,288.0,215.0
1009,504,0.49950445986124875,LOW_SNR,262144,hamming,10,3,0.9494756911344138,0.4274353876739563,53.0,288.0,215.0
1009,504,0.49950445986124875,LOW_SNR,262144,hamming,10,4,0.9857006673021925,0.4274353876739563,15.0,288.0,215.0
1009,504,0.49950445986124875,LOW_SNR,262144,hamming,10,5,0.9914204003813155,0.4274353876739563,9.0,288.0,215.0
1009,504,0.49950445986124875,LOW_SNR,262144,hamming,10,6,0.9914204003813155,0.4274353876739563,9.0,288.0,215.0
1009,504,0.49950445986124875,LOW_SNR,262144,hamming,10,7,0.9914204003813155,0.4274353876739563,9.0,288.0,215.0
1009,504,0.49950445986124875,LOW_SNR,262144,hamming,10,8,0.9914204003813155,0.4274353876739563,9.0,288.0,215.0
1009,504,0.49950445986124875,LOW_SNR,262144,hamming,10,9,0.9914204003813155,0.4274353876739563,9.0,288.0,215.0
1009,504,0.49950445986124875,LOW_SNR,262144,hamming,10,10,0.9914204003813155,0.4274353876739563,9.0,288.0,215.0
1009,504,0.49950445986124875,LOW_SNR,262144,hamming,10,11,0.9914204003813155,0.4274353876739563,9.0,288.0,215.0
1009,504,0.49950445986124875,LOW_SNR,262144,blackman,10,2,0.7264061010486177,0.3399602385685885,287.0,332.0,171.0
1009,504,0.49950445986124875,LOW_SNR,262144,blackman,10,3,0.882745471877979,0.3399602385685885,123.0,332.0,171.0
1009,504,0.49950445986124875,LOW_SNR,262144,blackman,10,4,0.9590085795996187,0.3399602385685885,43.0,332.0,171.0
1009,504,0.49950445986124875,LOW_SNR,262144,blackman,10,5,0.9837940896091516,0.3399602385685885,17.0,332.0,171.0
1009,504,0.49950445986124875,LOW_SNR,262144,blackman,10,6,0.9895138226882746,0.3399602385685885,11.0,332.0,171.0
1009,504,0.49950445986124875,LOW_SNR,262144,blackman,10,7,0.9895138226882746,0.3399602385685885,11.0,332.0,171.0
1009,504,0.49950445986124875,LOW_SNR,262144,blackman,10,8,0.9895138226882746,0.3399602385685885,11.0,332.0,171.0
1009,504,0.49950445986124875,LOW_SNR,262144,blackman,10,9,0.9895138226882746,0.3399602385685885,11.0,332.0,171.0
1009,504,0.49950445986124875,LOW_SNR,262144,blackman,10,10,0.9895138226882746,0.3399602385685885,11.0,332.0,171.0
1009,504,0.49950445986124875,LOW_SNR,262144,blackman,10,11,0.9895138226882746,0.3399602385685885,11.0,332.0,171.0
1013,23,0.022704837117472853,HIGH_SNR,65536,hann,9,2,0.41064638783269963,1.0,155.0,0.0,22.0
1013,23,0.022704837117472853,HIGH_SNR,65536,hann,9,3,0.5627376425855514,1.0,115.0,0.0,22.0
1013,23,0.022704837117472853,HIGH_SNR,65536,hann,9,4,0.714828897338403,1.0,75.0,0.0,22.0
1013,23,0.022704837117472853,HIGH_SNR,65536,hann,9,5,0.8631178707224335,1.0,36.0,0.0,22.0
1013,23,0.022704837117472853,HIGH_SNR,65536,hann,9,6,0.9429657794676806,1.0,15.0,0.0,22.0
1013,23,0.022704837117472853,HIGH_SNR,65536,hann,9,7,0.9429657794676806,1.0,15.0,0.0,22.0
1013,23,0.022704837117472853,HIGH_SNR,65536,hann,9,8,0.9429657794676806,1.0,15.0,0.0,22.0
1013,23,0.022704837117472853,HIGH_SNR,65536,hann,9,9,0.9429657794676806,1.0,15.0,0.0,22.0
1013,23,0.022704837117472853,HIGH_SNR,65536,hann,9,10,0.9429657794676806,1.0,15.0,0.0,22.0
1013,23,0.022704837117472853,HIGH_SNR,65536,hamming,9,2,0.41825095057034223,1.0,153.0,0.0,22.0
1013,23,0.022704837117472853,HIGH_SNR,65536,hamming,9,3,0.5817490494296578,1.0,110.0,0.0,22.0
1013,23,0.022704837117472853,HIGH_SNR,65536,hamming,9,4,0.7338403041825095,1.0,70.0,0.0,22.0
1013,23,0.022704837117472853,HIGH_SNR,65536,hamming,9,5,0.8821292775665399,1.0,31.0,0.0,22.0
1013,23,0.022704837117472853,HIGH_SNR,65536,hamming,9,6,0.9429657794676806,1.0,15.0,0.0,22.0
1013,23,0.022704837117472853,HIGH_SNR,65536,hamming,9,7,0.9429657794676806,1.0,15.0,0.0,22.0
1013,23,0.022704837117472853,HIGH_SNR,65536,hamming,9,8,0.9429657794676806,1.0,15.0,0.0,22.0
1013,23,0.022704837117472853,HIGH_SNR,65536,hamming,9,9,0.9429657794676806,1.0,15.0,0.0,22.0
1013,23,0.022704837117472853,HIGH_SNR,65536,hamming,9,10,0.9429657794676806,1.0,15.0,0.0,22.0
1013,23,0.022704837117472853,HIGH_SNR,65536,blackman,9,2,0.38022813688212925,1.0,163.0,0.0,22.0
1013,23,0.022704837117472853,HIGH_SNR,65536,blackman,9,3,0.532319391634981,1.0,123.0,0.0,22.0
1013,23,0.022704837117472853,HIGH_SNR,65536,blackman,9,4,0.6844106463878327,1.0,83.0,0.0,22.0
1013,23,0.022704837117472853,HIGH_SNR,65536,blackman,9,5,0.8250950570342205,1.0,46.0,0.0,22.0
1013,23,0.022704837117472853,HIGH_SNR,65536,blackman,9,6,0.9239543726235742,1.0,20.0,0.0,22.0
1013,23,0.022704837117472853,HIGH_SNR,65536,blackman,9,7,0.935361216730038,1.0,17.0,0.0,22.0
1013,23,0.022704837117472853,HIGH_SNR,65536,blackman,9,8,0.935361216730038,1.0,17.0,0.0,22.0
1013,23,0.022704837117472853,HIGH_SNR,65536,blackman,9,9,0.935361216730038,1.0,17.0,0.0,22.0
1013,23,0.022704837117472853,HIGH_SNR,65536,blackman,9,10,0.935361216730038,1.0,17.0,0.0,22.0
1013,23,0.022704837117472853,HIGH_SNR,131072,hann,9,2,0.20952380952380953,1.0,415.0,0.0,22.0
1013,23,0.022704837117472853,HIGH_SNR,131072,hann,9,3,0.29333333333333333,1.0,371.0,0.0,22.0
1013,23,0.022704837117472853,HIGH_SNR,131072,hann,9,4,0.37714285714285717,1.0,327.0,0.0,22.0
1013,23,0.022704837117472853,HIGH_SNR,131072,hann,9,5,0.46095238095238095,1.0,283.0,0.0,22.0
1013,23,0.022704837117472853,HIGH_SNR,131072,hann,9,6,0.5447619047619048,1.0,239.0,0.0,22.0
1013,23,0.022704837117472853,HIGH_SNR,131072,hann,9,7,0.6266666666666667,1.0,196.0,0.0,22.0
1013,23,0.022704837117472853,HIGH_SNR,131072,hann,9,8,0.6666666666666666,1.0,175.0,0.0,22.0
1013,23,0.022704837117472853,HIGH_SNR,131072,hann,9,9,0.7428571428571429,1.0,135.0,0.0,22.0
1013,23,0.022704837117472853,HIGH_SNR,131072,hann,9,10,0.819047619047619,1.0,95.0,0.0,22.0
1013,23,0.022704837117472853,HIGH_SNR,131072,hann,9,11,0.8819047619047619,1.0,62.0,0.0,22.0
1013,23,0.022704837117472853,HIGH_SNR,131072,hamming,9,2,0.20952380952380953,1.0,415.0,0.0,22.0
1013,23,0.022704837117472853,HIGH_SNR,131072,hamming,9,3,0.29333333333333333,1.0,371.0,0.0,22.0
1013,23,0.022704837117472853,HIGH_SNR,131072,hamming,9,4,0.37714285714285717,1.0,327.0,0.0,22.0
1013,23,0.022704837117472853,HIGH_SNR,131072,hamming,9,5,0.46095238095238095,1.0,283.0,0.0,22.0
1013,23,0.022704837117472853,HIGH_SNR,131072,hamming,9,6,0.5447619047619048,1.0,239.0,0.0,22.0
1013,23,0.022704837117472853,HIGH_SNR,131072,hamming,9,7,0.6228571428571429,1.0,198.0,0.0,22.0
1013,23,0.022704837117472853,HIGH_SNR,131072,hamming,9,8,0.6304761904761905,1.0,194.0,0.0,22.0
1013,23,0.022704837117472853,HIGH_SNR,131072,hamming,9,9,0.6342857142857142,1.0,192.0,0.0,22.0
1013,23,0.022704837117472853,HIGH_SNR,131072,hamming,9,10,0.6342857142857142,1.0,192.0,0.0,22.0
1013,23,0.022704837117472853,HIGH_SNR,131072,hamming,9,11,0.6342857142857142,1.0,192.0,0.0,22.0
1013,23,0.022704837117472853,HIGH_SNR,131072,blackman,9,2,0.20952380952380953,1.0,415.0,0.0,22.0
1013,23,0.022704837117472853,HIGH_SNR,131072,blackman,9,3,0.29333333333333333,1.0,371.0,0.0,22.0
1013,23,0.022704837117472853,HIGH_SNR,131072,blackman,9,4,0.37714285714285717,1.0,327.0,0.0,22.0
1013,23,0.022704837117472853,HIGH_SNR,131072,blackman,9,5,0.46095238095238095,1.0,283.0,0.0,22.0
1013,23,0.022704837117472853,HIGH_SNR,131072,blackman,9,6,0.5447619047619048,1.0,239.0,0.0,22.0
1013,23,0.022704837117472853,HIGH_SNR,131072,blackman,9,7,0.6285714285714286,1.0,195.0,0.0,22.0
1013,23,0.022704837117472853,HIGH_SNR,131072,blackman,9,8,0.7123809523809523,1.0,151.0,0.0,22.0
1013,23,0.022704837117472853,HIGH_SNR,131072,blackman,9,9,0.7961904761904762,1.0,107.0,0.0,22.0
1013,23,0.022704837117472853,HIGH_SNR,131072,blackman,9,10,0.8761904761904762,1.0,65.0,0.0,22.0
1013,23,0.022704837117472853,HIGH_SNR,131072,blackman,9,11,0.9180952380952381,1.0,43.0,0.0,22.0
1013,23,0.022704837117472853,HIGH_SNR,262144,hann,10,2,0.10486177311725453,1.0,939.0,0.0,22.0
1013,23,0.022704837117472853,HIGH_SNR,262144,hann,10,3,0.14680648236415633,1.0,895.0,0.0,22.0
1013,23,0.022704837117472853,HIGH_SNR,262144,hann,10,4,0.18875119161105816,1.0,851.0,0.0,22.0
1013,23,0.022704837117472853,HIGH_SNR,262144,hann,10,5,0.23069590085795996,1.0,807.0,0.0,22.0
1013,23,0.022704837117472853,HIGH_SNR,262144,hann,10,6,0.2726406101048618,1.0,763.0,0.0,22.0
1013,23,0.022704837117472853,HIGH_SNR,262144,hann,10,7,0.3145853193517636,1.0,719.0,0.0,22.0
1013,23,0.022704837117472853,HIGH_SNR,262144,hann,10,8,0.3546234509056244,1.0,677.0,0.0,22.0
1013,23,0.022704837117472853,HIGH_SNR,262144,hann,10,9,0.3965681601525262,1.0,633.0,0.0,22.0
1013,23,0.022704837117472853,HIGH_SNR,262144,hann,10,10,0.438512869399428,1.0,589.0,0.0,22.0
1013,23,0.022704837117472853,HIGH_SNR,262144,hann,10,11,0.4804575786463298,1.0,545.0,0.0,22.0
1013,23,0.022704837117472853,HIGH_SNR,262144,hamming,10,2,0.10486177311725453,1.0,939.0,0.0,22.0
1013,23,0.022704837117472853,HIGH_SNR,262144,hamming,10,3,0.14680648236415633,1.0,895.0,0.0,22.0
1013,23,0.022704837117472853,HIGH_SNR,262144,hamming,10,4,0.18875119161105816,1.0,851.0,0.0,22.0
1013,23,0.022704837117472853,HIGH_SNR,262144,hamming,10,5,0.23069590085795996,1.0,807.0,0.0,22.0
1013,23,0.022704837117472853,HIGH_SNR,262144,hamming,10,6,0.2726406101048618,1.0,763.0,0.0,22.0
1013,23,0.022704837117472853,HIGH_SNR,262144,hamming,10,7,0.3136320305052431,1.0,720.0,0.0,22.0
1013,23,0.022704837117472853,HIGH_SNR,262144,hamming,10,8,0.32697807435653004,1.0,706.0,0.0,22.0
1013,23,0.022704837117472853,HIGH_SNR,262144,hamming,10,9,0.3517635843660629,1.0,680.0,0.0,22.0
1013,23,0.022704837117472853,HIGH_SNR,262144,hamming,10,10,0.3546234509056244,1.0,677.0,0.0,22.0
1013,23,0.022704837117472853,HIGH_SNR,262144,hamming,10,11,0.3546234509056244,1.0,677.0,0.0,22.0
1013,23,0.022704837117472853,HIGH_SNR,262144,blackman,10,2,0.10486177311725453,1.0,939.0,0.0,22.0
1013,23,0.022704837117472853,HIGH_SNR,262144,blackman,10,3,0.14680648236415633,1.0,895.0,0.0,22.0
1013,23,0.022704837117472853,HIGH_SNR,262144,blackman,10,4,0.18875119161105816,1.0,851.0,0.0,22.0
1013,23,0.022704837117472853,HIGH_SNR,262144,blackman,10,5,0.23069590085795996,1.0,807.0,0.0,22.0
1013,23,0.022704837117472853,HIGH_SNR,262144,blackman,10,6,0.2726406101048618,1.0,763.0,0.0,22.0
1013,23,0.022704837117472853,HIGH_SNR,262144,blackman,10,7,0.3145853193517636,1.0,719.0,0.0,22.0
1013,23,0.022704837117472853,HIGH_SNR,262144,blackman,10,8,0.3565300285986654,1.0,675.0,0.0,22.0
1013,23,0.022704837117472853,HIGH_SNR,262144,blackman,10,9,0.3984747378455672,1.0,631.0,0.0,22.0
1013,23,0.022704837117472853,HIGH_SNR,262144,blackman,10,10,0.440419447092469,1.0,587.0,0.0,22.0
1013,23,0.022704837117472853,HIGH_SNR,262144,blackman,10,11,0.48141086749285034,1.0,544.0,0.0,22.0
1013,253,0.24975320829220138,TRANSITION,65536,hann,9,2,0.8555133079847909,0.4126984126984127,38.0,148.0,104.0
1013,253,0.24975320829220138,TRANSITION,65536,hann,9,3,0.9543726235741445,0.4126984126984127,12.0,148.0,104.0
1013,253,0.24975320829220138,TRANSITION,65536,hann,9,4,0.973384030418251,0.4126984126984127,7.0,148.0,104.0
1013,253,0.24975320829220138,TRANSITION,65536,hann,9,5,0.973384030418251,0.4126984126984127,7.0,148.0,104.0
1013,253,0.24975320829220138,TRANSITION,65536,hann,9,6,0.973384030418251,0.4126984126984127,7.0,148.0,104.0
1013,253,0.24975320829220138,TRANSITION,65536,hann,9,7,0.973384030418251,0.4126984126984127,7.0,148.0,104.0
1013,253,0.24975320829220138,TRANSITION,65536,hann,9,8,0.973384030418251,0.4126984126984127,7.0,148.0,104.0
1013,253,0.24975320829220138,TRANSITION,65536,hann,9,9,0.973384030418251,0.4126984126984127,7.0,148.0,104.0
1013,253,0.24975320829220138,TRANSITION,65536,hann,9,10,0.973384030418251,0.4126984126984127,7.0,148.0,104.0
1013,253,0.24975320829220138,TRANSITION,65536,hamming,9,2,0.8897338403041825,0.4523809523809524,29.0,138.0,114.0
1013,253,0.24975320829220138,TRANSITION,65536,hamming,9,3,0.9657794676806084,0.4523809523809524,9.0,138.0,114.0
1013,253,0.24975320829220138,TRANSITION,65536,hamming,9,4,0.973384030418251,0.4523809523809524,7.0,138.0,114.0
1013,253,0.24975320829220138,TRANSITION,65536,hamming,9,5,0.973384030418251,0.4523809523809524,7.0,138.0,114.0
1013,253,0.24975320829220138,TRANSITION,65536,hamming,9,6,0.973384030418251,0.4523809523809524,7.0,138.0,114.0
1013,253,0.24975320829220138,TRANSITION,65536,hamming,9,7,0.973384030418251,0.4523809523809524,7.0,138.0,114.0
1013,253,0.24975320829220138,TRANSITION,65536,hamming,9,8,0.973384030418251,0.4523809523809524,7.0,138.0,114.0
1013,253,0.24975320829220138,TRANSITION,65536,hamming,9,9,0.973384030418251,0.4523809523809524,7.0,138.0,114.0
1013,253,0.24975320829220138,TRANSITION,65536,hamming,9,10,0.973384030418251,0.4523809523809524,7.0,138.0,114.0
1013,253,0.24975320829220138,TRANSITION,65536,blackman,9,2,0.8060836501901141,0.36507936507936506,51.0,160.0,92.0
1013,253,0.24975320829220138,TRANSITION,65536,blackman,9,3,0.9201520912547528,0.36507936507936506,21.0,160.0,92.0
1013,253,0.24975320829220138,TRANSITION,65536,blackman,9,4,0.9619771863117871,0.36507936507936506,10.0,160.0,92.0
1013,253,0.24975320829220138,TRANSITION,65536,blackman,9,5,0.9657794676806084,0.36507936507936506,9.0,160.0,92.0
1013,253,0.24975320829220138,TRANSITION,65536,blackman,9,6,0.9657794676806084,0.36507936507936506,9.0,160.0,92.0
1013,253,0.24975320829220138,TRANSITION,65536,blackman,9,7,0.9657794676806084,0.36507936507936506,9.0,160.0,92.0
1013,253,0.24975320829220138,TRANSITION,65536,blackman,9,8,0.9657794676806084,0.36507936507936506,9.0,160.0,92.0
1013,253,0.24975320829220138,TRANSITION,65536,blackman,9,9,0.9657794676806084,0.36507936507936506,9.0,160.0,92.0
1013,253,0.24975320829220138,TRANSITION,65536,blackman,9,10,0.9657794676806084,0.36507936507936506,9.0,160.0,92.0
1013,253,0.24975320829220138,TRANSITION,131072,hann,9,2,0.8247619047619048,0.6111111111111112,92.0,98.0,154.0
1013,253,0.24975320829220138,TRANSITION,131072,hann,9,3,0.9466666666666667,0.6111111111111112,28.0,98.0,154.0
1013,253,0.24975320829220138,TRANSITION,131072,hann,9,4,0.9809523809523809,0.6111111111111112,10.0,98.0,154.0
1013,253,0.24975320829220138,TRANSITION,131072,hann,9,5,0.9828571428571429,0.6111111111111112,9.0,98.0,154.0
1013,253,0.24975320829220138,TRANSITION,131072,hann,9,6,0.9828571428571429,0.6111111111111112,9.0,98.0,154.0
1013,253,0.24975320829220138,TRANSITION,131072,hann,9,7,0.9828571428571429,0.6111111111111112,9.0,98.0,154.0
1013,253,0.24975320829220138,TRANSITION,131072,hann,9,8,0.9828571428571429,0.6111111111111112,9.0,98.0,154.0
1013,253,0.24975320829220138,TRANSITION,131072,hann,9,9,0.9828571428571429,0.6111111111111112,9.0,98.0,154.0
1013,253,0.24975320829220138,TRANSITION,131072,hann,9,10,0.9828571428571429,0.6111111111111112,9.0,98.0,154.0
1013,253,0.24975320829220138,TRANSITION,131072,hann,9,11,0.9828571428571429,0.6111111111111112,9.0,98.0,154.0
1013,253,0.24975320829220138,TRANSITION,131072,hamming,9,2,0.8685714285714285,0.6428571428571429,69.0,90.0,162.0
1013,253,0.24975320829220138,TRANSITION,131072,hamming,9,3,0.9657142857142857,0.6428571428571429,18.0,90.0,162.0
1013,253,0.24975320829220138,TRANSITION,131072,hamming,9,4,0.9828571428571429,0.6428571428571429,9.0,90.0,162.0
1013,253,0.24975320829220138,TRANSITION,131072,hamming,9,5,0.9828571428571429,0.6428571428571429,9.0,90.0,162.0
1013,253,0.24975320829220138,TRANSITION,131072,hamming,9,6,0.9828571428571429,0.6428571428571429,9.0,90.0,162.0
1013,253,0.24975320829220138,TRANSITION,131072,hamming,9,7,0.9828571428571429,0.6428571428571429,9.0,90.0,162.0
1013,253,0.24975320829220138,TRANSITION,131072,hamming,9,8,0.9828571428571429,0.6428571428571429,9.0,90.0,162.0
1013,253,0.24975320829220138,TRANSITION,131072,hamming,9,9,0.9828571428571429,0.6428571428571429,9.0,90.0,162.0
1013,253,0.24975320829220138,TRANSITION,131072,hamming,9,10,0.9828571428571429,0.6428571428571429,9.0,90.0,162.0
1013,253,0.24975320829220138,TRANSITION,131072,hamming,9,11,0.9828571428571429,0.6428571428571429,9.0,90.0,162.0
1013,253,0.24975320829220138,TRANSITION,131072,blackman,9,2,0.7676190476190476,0.5714285714285714,122.0,108.0,144.0
1013,253,0.24975320829220138,TRANSITION,131072,blackman,9,3,0.9161904761904762,0.5714285714285714,44.0,108.0,144.0
1013,253,0.24975320829220138,TRANSITION,131072,blackman,9,4,0.9676190476190476,0.5714285714285714,17.0,108.0,144.0
1013,253,0.24975320829220138,TRANSITION,131072,blackman,9,5,0.9828571428571429,0.5714285714285714,9.0,108.0,144.0
1013,253,0.24975320829220138,TRANSITION,131072,blackman,9,6,0.9828571428571429,0.5714285714285714,9.0,108.0,144.0
1013,253,0.24975320829220138,TRANSITION,131072,blackman,9,7,0.9828571428571429,0.5714285714285714,9.0,108.0,144.0
1013,253,0.24975320829220138,TRANSITION,131072,blackman,9,8,0.9828571428571429,0.5714285714285714,9.0,108.0,144.0
1013,253,0.24975320829220138,TRANSITION,131072,blackman,9,9,0.9828571428571429,0.5714285714285714,9.0,108.0,144.0
1013,253,0.24975320829220138,TRANSITION,131072,blackman,9,10,0.9828571428571429,0.5714285714285714,9.0,108.0,144.0
1013,253,0.24975320829220138,TRANSITION,131072,blackman,9,11,0.9828571428571429,0.5714285714285714,9.0,108.0,144.0
1013,253,0.24975320829220138,TRANSITION,262144,hann,10,2,0.7149666348903718,0.8571428571428571,299.0,36.0,216.0
1013,253,0.24975320829220138,TRANSITION,262144,hann,10,3,0.9018112488083889,0.8571428571428571,103.0,36.0,216.0
1013,253,0.24975320829220138,TRANSITION,262144,hann,10,4,0.9771210676835081,0.8571428571428571,24.0,36.0,216.0
1013,253,0.24975320829220138,TRANSITION,262144,hann,10,5,0.9895138226882746,0.8571428571428571,11.0,36.0,216.0
1013,253,0.24975320829220138,TRANSITION,262144,hann,10,6,0.9895138226882746,0.8571428571428571,11.0,36.0,216.0
1013,253,0.24975320829220138,TRANSITION,262144,hann,10,7,0.9895138226882746,0.8571428571428571,11.0,36.0,216.0
1013,253,0.24975320829220138,TRANSITION,262144,hann,10,8,0.9895138226882746,0.8571428571428571,11.0,36.0,216.0
1013,253,0.24975320829220138,TRANSITION,262144,hann,10,9,0.9895138226882746,0.8571428571428571,11.0,36.0,216.0
1013,253,0.24975320829220138,TRANSITION,262144,hann,10,10,0.9895138226882746,0.8571428571428571,11.0,36.0,216.0
1013,253,0.24975320829220138,TRANSITION,262144,hann,10,11,0.9895138226882746,0.8571428571428571,11.0,36.0,216.0
1013,253,0.24975320829220138,TRANSITION,262144,hamming,10,2,0.7426120114394662,0.8888888888888888,270.0,28.0,224.0
1013,253,0.24975320829220138,TRANSITION,262144,hamming,10,3,0.9285033365109628,0.8888888888888888,75.0,28.0,224.0
1013,253,0.24975320829220138,TRANSITION,262144,hamming,10,4,0.9857006673021925,0.8888888888888888,15.0,28.0,224.0
1013,253,0.24975320829220138,TRANSITION,262144,hamming,10,5,0.9914204003813155,0.8888888888888888,9.0,28.0,224.0
1013,253,0.24975320829220138,TRANSITION,262144,hamming,10,6,0.9914204003813155,0.8888888888888888,9.0,28.0,224.0
1013,253,0.24975320829220138,TRANSITION,262144,hamming,10,7,0.9914204003813155,0.8888888888888888,9.0,28.0,224.0
1013,253,0.24975320829220138,TRANSITION,262144,hamming,10,8,0.9914204003813155,0.8888888888888888,9.0,28.0,224.0
1013,253,0.24975320829220138,TRANSITION,262144,hamming,10,9,0.9914204003813155,0.8888888888888888,9.0,28.0,224.0
1013,253,0.24975320829220138,TRANSITION,262144,hamming,10,10,0.9914204003813155,0.8888888888888888,9.0,28.0,224.0
1013,253,0.24975320829220138,TRANSITION,262144,hamming,10,11,0.9914204003813155,0.8888888888888888,9.0,28.0,224.0
1013,253,0.24975320829220138,TRANSITION,262144,blackman,10,2,0.6606291706387035,0.8333333333333334,356.0,42.0,210.0
1013,253,0.24975320829220138,TRANSITION,262144,blackman,10,3,0.8493803622497617,0.8333333333333334,158.0,42.0,210.0
1013,253,0.24975320829220138,TRANSITION,262144,blackman,10,4,0.9561487130600572,0.8333333333333334,46.0,42.0,210.0
1013,253,0.24975320829220138,TRANSITION,262144,blackman,10,5,0.9857006673021925,0.8333333333333334,15.0,42.0,210.0
1013,253,0.24975320829220138,TRANSITION,262144,blackman,10,6,0.9895138226882746,0.8333333333333334,11.0,42.0,210.0
1013,253,0.24975320829220138,TRANSITION,262144,blackman,10,7,0.9895138226882746,0.8333333333333334,11.0,42.0,210.0
1013,253,0.24975320829220138,TRANSITION,262144,blackman,10,8,0.9895138226882746,0.8333333333333334,11.0,42.0,210.0
1013,253,0.24975320829220138,TRANSITION,262144,blackman,10,9,0.9895138226882746,0.8333333333333334,11.0,42.0,210.0
1013,253,0.24975320829220138,TRANSITION,262144,blackman,10,10,0.9895138226882746,0.8333333333333334,11.0,42.0,210.0
1013,253,0.24975320829220138,TRANSITION,262144,blackman,10,11,0.9895138226882746,0.8333333333333334,11.0,42.0,210.0
1013,1012,0.9990128331688055,LOW_SNR,65536,hann,9,2,0.9695817490494296,0.0722057368941642,8.0,938.0,73.0
1013,1012,0.9990128331688055,LOW_SNR,65536,hann,9,3,0.9923954372623575,0.0722057368941642,2.0,938.0,73.0
1013,1012,0.9990128331688055,LOW_SNR,65536,hann,9,4,1.0,0.0722057368941642,0.0,938.0,73.0
1013,1012,0.9990128331688055,LOW_SNR,65536,hann,9,5,1.0,0.0722057368941642,0.0,938.0,73.0
1013,1012,0.9990128331688055,LOW_SNR,65536,hann,9,6,1.0,0.0722057368941642,0.0,938.0,73.0
1013,1012,0.9990128331688055,LOW_SNR,65536,hann,9,7,1.0,0.0722057368941642,0.0,938.0,73.0
1013,1012,0.9990128331688055,LOW_SNR,65536,hann,9,8,1.0,0.0722057368941642,0.0,938.0,73.0
1013,1012,0.9990128331688055,LOW_SNR,65536,hann,9,9,1.0,0.0722057368941642,0.0,938.0,73.0
1013,1012,0.9990128331688055,LOW_SNR,65536,hann,9,10,1.0,0.0722057368941642,0.0,938.0,73.0
1013,1012,0.9990128331688055,LOW_SNR,65536,hamming,9,2,0.9771863117870723,0.07418397626112759,6.0,936.0,75.0
1013,1012,0.9990128331688055,LOW_SNR,65536,hamming,9,3,1.0,0.07418397626112759,0.0,936.0,75.0
1013,1012,0.9990128331688055,LOW_SNR,65536,hamming,9,4,1.0,0.07418397626112759,0.0,936.0,75.0
1013,1012,0.9990128331688055,LOW_SNR,65536,hamming,9,5,1.0,0.07418397626112759,0.0,936.0,75.0
1013,1012,0.9990128331688055,LOW_SNR,65536,hamming,9,6,1.0,0.07418397626112759,0.0,936.0,75.0
1013,1012,0.9990128331688055,LOW_SNR,65536,hamming,9,7,1.0,0.07418397626112759,0.0,936.0,75.0
1013,1012,0.9990128331688055,LOW_SNR,65536,hamming,9,8,1.0,0.07418397626112759,0.0,936.0,75.0
1013,1012,0.9990128331688055,LOW_SNR,65536,hamming,9,9,1.0,0.07418397626112759,0.0,936.0,75.0
1013,1012,0.9990128331688055,LOW_SNR,65536,hamming,9,10,1.0,0.07418397626112759,0.0,936.0,75.0
1013,1012,0.9990128331688055,LOW_SNR,65536,blackman,9,2,0.9163498098859315,0.06429277942631058,22.0,946.0,65.0
1013,1012,0.9990128331688055,LOW_SNR,65536,blackman,9,3,0.9923954372623575,0.06429277942631058,2.0,946.0,65.0
1013,1012,0.9990128331688055,LOW_SNR,65536,blackman,9,4,1.0,0.06429277942631058,0.0,946.0,65.0
1013,1012,0.9990128331688055,LOW_SNR,65536,blackman,9,5,1.0,0.06429277942631058,0.0,946.0,65.0
1013,1012,0.9990128331688055,LOW_SNR,65536,blackman,9,6,1.0,0.06429277942631058,0.0,946.0,65.0
1013,1012,0.9990128331688055,LOW_SNR,65536,blackman,9,7,1.0,0.06429277942631058,0.0,946.0,65.0
1013,1012,0.9990128331688055,LOW_SNR,65536,blackman,9,8,1.0,0.06429277942631058,0.0,946.0,65.0
1013,1012,0.9990128331688055,LOW_SNR,65536,blackman,9,9,1.0,0.06429277942631058,0.0,946.0,65.0
1013,1012,0.9990128331688055,LOW_SNR,65536,blackman,9,10,1.0,0.06429277942631058,0.0,946.0,65.0
1013,1012,0.9990128331688055,LOW_SNR,131072,hann,9,2,0.9238095238095239,0.13155291790306628,40.0,878.0,133.0
1013,1012,0.9990128331688055,LOW_SNR,131072,hann,9,3,0.9961904761904762,0.13155291790306628,2.0,878.0,133.0
1013,1012,0.9990128331688055,LOW_SNR,131072,hann,9,4,1.0,0.13155291790306628,0.0,878.0,133.0
1013,1012,0.9990128331688055,LOW_SNR,131072,hann,9,5,1.0,0.13155291790306628,0.0,878.0,133.0
1013,1012,0.9990128331688055,LOW_SNR,131072,hann,9,6,1.0,0.13155291790306628,0.0,878.0,133.0
1013,1012,0.9990128331688055,LOW_SNR,131072,hann,9,7,1.0,0.13155291790306628,0.0,878.0,133.0
1013,1012,0.9990128331688055,LOW_SNR,131072,hann,9,8,1.0,0.13155291790306628,0.0,878.0,133.0
1013,1012,0.9990128331688055,LOW_SNR,131072,hann,9,9,1.0,0.13155291790306628,0.0,878.0,133.0
1013,1012,0.9990128331688055,LOW_SNR,131072,hann,9,10,1.0,0.13155291790306628,0.0,878.0,133.0
1013,1012,0.9990128331688055,LOW_SNR,131072,hann,9,11,1.0,0.13155291790306628,0.0,878.0,133.0
1013,1012,0.9990128331688055,LOW_SNR,131072,hamming,9,2,0.9428571428571428,0.1414441147378833,30.0,868.0,143.0
1013,1012,0.9990128331688055,LOW_SNR,131072,hamming,9,3,0.9961904761904762,0.1414441147378833,2.0,868.0,143.0
1013,1012,0.9990128331688055,LOW_SNR,131072,hamming,9,4,1.0,0.1414441147378833,0.0,868.0,143.0
1013,1012,0.9990128331688055,LOW_SNR,131072,hamming,9,5,1.0,0.1414441147378833,0.0,868.0,143.0
1013,1012,0.9990128331688055,LOW_SNR,131072,hamming,9,6,1.0,0.1414441147378833,0.0,868.0,143.0
1013,1012,0.9990128331688055,LOW_SNR,131072,hamming,9,7,1.0,0.1414441147378833,0.0,868.0,143.0
1013,1012,0.9990128331688055,LOW_SNR,131072,hamming,9,8,1.0,0.1414441147378833,0.0,868.0,143.0
1013,1012,0.9990128331688055,LOW_SNR,131072,hamming,9,9,1.0,0.1414441147378833,0.0,868.0,143.0
1013,1012,0.9990128331688055,LOW_SNR,131072,hamming,9,10,1.0,0.1414441147378833,0.0,868.0,143.0
1013,1012,0.9990128331688055,LOW_SNR,131072,hamming,9,11,1.0,0.1414441147378833,0.0,868.0,143.0
1013,1012,0.9990128331688055,LOW_SNR,131072,blackman,9,2,0.8704761904761905,0.11968348170128586,68.0,890.0,121.0
1013,1012,0.9990128331688055,LOW_SNR,131072,blackman,9,3,0.9885714285714285,0.11968348170128586,6.0,890.0,121.0
1013,1012,0.9990128331688055,LOW_SNR,131072,blackman,9,4,0.9961904761904762,0.11968348170128586,2.0,890.0,121.0
1013,1012,0.9990128331688055,LOW_SNR,131072,blackman,9,5,1.0,0.11968348170128586,0.0,890.0,121.0
1013,1012,0.9990128331688055,LOW_SNR,131072,blackman,9,6,1.0,0.11968348170128586,0.0,890.0,121.0
1013,1012,0.9990128331688055,LOW_SNR,131072,blackman,9,7,1.0,0.11968348170128586,0.0,890.0,121.0
1013,1012,0.9990128331688055,LOW_SNR,131072,blackman,9,8,1.0,0.11968348170128586,0.0,890.0,121.0
1013,1012,0.9990128331688055,LOW_SNR,131072,blackman,9,9,1.0,0.11968348170128586,0.0,890.0,121.0
1013,1012,0.9990128331688055,LOW_SNR,131072,blackman,9,10,1.0,0.11968348170128586,0.0,890.0,121.0
1013,1012,0.9990128331688055,LOW_SNR,131072,blackman,9,11,1.0,0.11968348170128586,0.0,890.0,121.0
1013,1012,0.9990128331688055,LOW_SNR,262144,hann,10,2,0.8836987607244995,0.2205736894164194,122.0,788.0,223.0
1013,1012,0.9990128331688055,LOW_SNR,262144,hann,10,3,0.9847473784556721,0.2205736894164194,16.0,788.0,223.0
1013,1012,0.9990128331688055,LOW_SNR,262144,hann,10,4,0.998093422306959,0.2205736894164194,2.0,788.0,223.0
1013,1012,0.9990128331688055,LOW_SNR,262144,hann,10,5,1.0,0.2205736894164194,0.0,788.0,223.0
1013,1012,0.9990128331688055,LOW_SNR,262144,hann,10,6,1.0,0.2205736894164194,0.0,788.0,223.0
1013,1012,0.9990128331688055,LOW_SNR,262144,hann,10,7,1.0,0.2205736894164194,0.0,788.0,223.0
1013,1012,0.9990128331688055,LOW_SNR,262144,hann,10,8,1.0,0.2205736894164194,0.0,788.0,223.0
1013,1012,0.9990128331688055,LOW_SNR,262144,hann,10,9,1.0,0.2205736894164194,0.0,788.0,223.0
1013,1012,0.9990128331688055,LOW_SNR,262144,hann,10,10,1.0,0.2205736894164194,0.0,788.0,223.0
1013,1012,0.9990128331688055,LOW_SNR,262144,hann,10,11,1.0,0.2205736894164194,0.0,788.0,223.0
1013,1012,0.9990128331688055,LOW_SNR,262144,hamming,10,2,0.9103908484270734,0.2324431256181998,94.0,776.0,235.0
1013,1012,0.9990128331688055,LOW_SNR,262144,hamming,10,3,0.998093422306959,0.2324431256181998,2.0,776.0,235.0
1013,1012,0.9990128331688055,LOW_SNR,262144,hamming,10,4,1.0,0.2324431256181998,0.0,776.0,235.0
1013,1012,0.9990128331688055,LOW_SNR,262144,hamming,10,5,1.0,0.2324431256181998,0.0,776.0,235.0
1013,1012,0.9990128331688055,LOW_SNR,262144,hamming,10,6,1.0,0.2324431256181998,0.0,776.0,235.0
1013,1012,0.9990128331688055,LOW_SNR,262144,hamming,10,7,1.0,0.2324431256181998,0.0,776.0,235.0
1013,1012,0.9990128331688055,LOW_SNR,262144,hamming,10,8,1.0,0.2324431256181998,0.0,776.0,235.0
1013,1012,0.9990128331688055,LOW_SNR,262144,hamming,10,9,1.0,0.2324431256181998,0.0,776.0,235.0
1013,1012,0.9990128331688055,LOW_SNR,262144,hamming,10,10,1.0,0.2324431256181998,0.0,776.0,235.0
1013,1012,0.9990128331688055,LOW_SNR,262144,hamming,10,11,1.0,0.2324431256181998,0.0,776.0,235.0
1013,1012,0.9990128331688055,LOW_SNR,262144,blackman,10,2,0.8265014299332698,0.20276953511374876,182.0,806.0,205.0
1013,1012,0.9990128331688055,LOW_SNR,262144,blackman,10,3,0.9561487130600572,0.20276953511374876,46.0,806.0,205.0
1013,1012,0.9990128331688055,LOW_SNR,262144,blackman,10,4,0.998093422306959,0.20276953511374876,2.0,806.0,205.0
1013,1012,0.9990128331688055,LOW_SNR,262144,blackman,10,5,1.0,0.20276953511374876,0.0,806.0,205.0
1013,1012,0.9990128331688055,LOW_SNR,262144,blackman,10,6,1.0,0.20276953511374876,0.0,806.0,205.0
1013,1012,0.9990128331688055,LOW_SNR,262144,blackman,10,7,1.0,0.20276953511374876,0.0,806.0,205.0
1013,1012,0.9990128331688055,LOW_SNR,262144,blackman,10,8,1.0,0.20276953511374876,0.0,806.0,205.0
1013,1012,0.9990128331688055,LOW_SNR,262144,blackman,10,9,1.0,0.20276953511374876,0.0,806.0,205.0
1013,1012,0.9990128331688055,LOW_SNR,262144,blackman,10,10,1.0,0.20276953511374876,0.0,806.0,205.0
1013,1012,0.9990128331688055,LOW_SNR,262144,blackman,10,11,1.0,0.20276953511374876,0.0,806.0,205.0
2017,42,0.020823004462072386,HIGH_SNR,65536,hann,9,2,0.5133079847908745,0.6585365853658537,128.0,14.0,27.0
2017,42,0.020823004462072386,HIGH_SNR,65536,hann,9,3,0.6806083650190115,0.6585365853658537,84.0,14.0,27.0
2017,42,0.020823004462072386,HIGH_SNR,65536,hann,9,4,0.7718631178707225,0.6585365853658537,60.0,14.0,27.0
2017,42,0.020823004462072386,HIGH_SNR,65536,hann,9,5,0.8403041825095057,0.6585365853658537,42.0,14.0,27.0
2017,42,0.020823004462072386,HIGH_SNR,65536,hann,9,6,0.908745247148289,0.6585365853658537,24.0,14.0,27.0
2017,42,0.020823004462072386,HIGH_SNR,65536,hann,9,7,0.9391634980988594,0.6585365853658537,16.0,14.0,27.0
2017,42,0.020823004462072386,HIGH_SNR,65536,hann,9,8,0.9391634980988594,0.6585365853658537,16.0,14.0,27.0
2017,42,0.020823004462072386,HIGH_SNR,65536,hann,9,9,0.9391634980988594,0.6585365853658537,16.0,14.0,27.0
2017,42,0.020823004462072386,HIGH_SNR,65536,hann,9,10,0.9391634980988594,0.6585365853658537,16.0,14.0,27.0
2017,42,0.020823004462072386,HIGH_SNR,65536,hamming,9,2,0.5133079847908745,0.6585365853658537,128.0,14.0,27.0
2017,42,0.020823004462072386,HIGH_SNR,65536,hamming,9,3,0.7072243346007605,0.6585365853658537,77.0,14.0,27.0
2017,42,0.020823004462072386,HIGH_SNR,65536,hamming,9,4,0.7984790874524715,0.6585365853658537,53.0,14.0,27.0
2017,42,0.020823004462072386,HIGH_SNR,65536,hamming,9,5,0.8669201520912547,0.6585365853658537,35.0,14.0,27.0
2017,42,0.020823004462072386,HIGH_SNR,65536,hamming,9,6,0.935361216730038,0.6585365853658537,17.0,14.0,27.0
2017,42,0.020823004462072386,HIGH_SNR,65536,hamming,9,7,0.9429657794676806,0.6585365853658537,15.0,14.0,27.0
2017,42,0.020823004462072386,HIGH_SNR,65536,hamming,9,8,0.9429657794676806,0.6585365853658537,15.0,14.0,27.0
2017,42,0.020823004462072386,HIGH_SNR,65536,hamming,9,9,0.9429657794676806,0.6585365853658537,15.0,14.0,27.0
2017,42,0.020823004462072386,HIGH_SNR,65536,hamming,9,10,0.9429657794676806,0.6585365853658537,15.0,14.0,27.0
2017,42,0.020823004462072386,HIGH_SNR,65536,blackman,9,2,0.49429657794676807,0.6585365853658537,133.0,14.0,27.0
2017,42,0.020823004462072386,HIGH_SNR,65536,blackman,9,3,0.6083650190114068,0.6585365853658537,103.0,14.0,27.0
2017,42,0.020823004462072386,HIGH_SNR,65536,blackman,9,4,0.6920152091254753,0.6585365853658537,81.0,14.0,27.0
2017,42,0.020823004462072386,HIGH_SNR,65536,blackman,9,5,0.7604562737642585,0.6585365853658537,63.0,14.0,27.0
2017,42,0.020823004462072386,HIGH_SNR,65536,blackman,9,6,0.8288973384030418,0.6585365853658537,45.0,14.0,27.0
2017,42,0.020823004462072386,HIGH_SNR,65536,blackman,9,7,0.8973384030418251,0.6585365853658537,27.0,14.0,27.0
2017,42,0.020823004462072386,HIGH_SNR,65536,blackman,9,8,0.9277566539923955,0.6585365853658537,19.0,14.0,27.0
2017,42,0.020823004462072386,HIGH_SNR,65536,blackman,9,9,0.9277566539923955,0.6585365853658537,19.0,14.0,27.0
2017,42,0.020823004462072386,HIGH_SNR,65536,blackman,9,10,0.9277566539923955,0.6585365853658537,19.0,14.0,27.0
2017,42,0.020823004462072386,HIGH_SNR,131072,hann,9,2,0.2761904761904762,0.7073170731707317,380.0,12.0,29.0
2017,42,0.020823004462072386,HIGH_SNR,131072,hann,9,3,0.38666666666666666,0.7073170731707317,322.0,12.0,29.0
2017,42,0.020823004462072386,HIGH_SNR,131072,hann,9,4,0.49714285714285716,0.7073170731707317,264.0,12.0,29.0
2017,42,0.020823004462072386,HIGH_SNR,131072,hann,9,5,0.6076190476190476,0.7073170731707317,206.0,12.0,29.0
2017,42,0.020823004462072386,HIGH_SNR,131072,hann,9,6,0.7161904761904762,0.7073170731707317,149.0,12.0,29.0
2017,42,0.020823004462072386,HIGH_SNR,131072,hann,9,7,0.780952380952381,0.7073170731707317,115.0,12.0,29.0
2017,42,0.020823004462072386,HIGH_SNR,131072,hann,9,8,0.8038095238095239,0.7073170731707317,103.0,12.0,29.0
2017,42,0.020823004462072386,HIGH_SNR,131072,hann,9,9,0.8380952380952381,0.7073170731707317,85.0,12.0,29.0
2017,42,0.020823004462072386,HIGH_SNR,131072,hann,9,10,0.8723809523809524,0.7073170731707317,67.0,12.0,29.0
2017,42,0.020823004462072386,HIGH_SNR,131072,hann,9,11,0.9028571428571428,0.7073170731707317,51.0,12.0,29.0
2017,42,0.020823004462072386,HIGH_SNR,131072,hamming,9,2,0.2761904761904762,0.7073170731707317,380.0,12.0,29.0
2017,42,0.020823004462072386,HIGH_SNR,131072,hamming,9,3,0.38666666666666666,0.7073170731707317,322.0,12.0,29.0
2017,42,0.020823004462072386,HIGH_SNR,131072,hamming,9,4,0.49714285714285716,0.7073170731707317,264.0,12.0,29.0
2017,42,0.020823004462072386,HIGH_SNR,131072,hamming,9,5,0.6076190476190476,0.7073170731707317,206.0,12.0,29.0
2017,42,0.020823004462072386,HIGH_SNR,131072,hamming,9,6,0.7142857142857143,0.7073170731707317,150.0,12.0,29.0
2017,42,0.020823004462072386,HIGH_SNR,131072,hamming,9,7,0.76,0.7073170731707317,126.0,12.0,29.0
2017,42,0.020823004462072386,HIGH_SNR,131072,hamming,9,8,0.7676190476190476,0.7073170731707317,122.0,12.0,29.0
2017,42,0.020823004462072386,HIGH_SNR,131072,hamming,9,9,0.7676190476190476,0.7073170731707317,122.0,12.0,29.0
2017,42,0.020823004462072386,HIGH_SNR,131072,hamming,9,10,0.7676190476190476,0.7073170731707317,122.0,12.0,29.0
2017,42,0.020823004462072386,HIGH_SNR,131072,hamming,9,11,0.7676190476190476,0.7073170731707317,122.0,12.0,29.0
2017,42,0.020823004462072386,HIGH_SNR,131072,blackman,9,2,0.2761904761904762,0.7073170731707317,380.0,12.0,29.0
2017,42,0.020823004462072386,HIGH_SNR,131072,blackman,9,3,0.38666666666666666,0.7073170731707317,322.0,12.0,29.0
2017,42,0.020823004462072386,HIGH_SNR,131072,blackman,9,4,0.49714285714285716,0.7073170731707317,264.0,12.0,29.0
2017,42,0.020823004462072386,HIGH_SNR,131072,blackman,9,5,0.6076190476190476,0.7073170731707317,206.0,12.0,29.0
2017,42,0.020823004462072386,HIGH_SNR,131072,blackman,9,6,0.7180952380952381,0.7073170731707317,148.0,12.0,29.0
2017,42,0.020823004462072386,HIGH_SNR,131072,blackman,9,7,0.8247619047619048,0.7073170731707317,92.0,12.0,29.0
2017,42,0.020823004462072386,HIGH_SNR,131072,blackman,9,8,0.900952380952381,0.7073170731707317,52.0,12.0,29.0
2017,42,0.020823004462072386,HIGH_SNR,131072,blackman,9,9,0.9352380952380952,0.7073170731707317,34.0,12.0,29.0
2017,42,0.020823004462072386,HIGH_SNR,131072,blackman,9,10,0.96,0.7073170731707317,21.0,12.0,29.0
2017,42,0.020823004462072386,HIGH_SNR,131072,blackman,9,11,0.96,0.7073170731707317,21.0,12.0,29.0
2017,42,0.020823004462072386,HIGH_SNR,262144,hann,10,2,0.1954242135367016,1.0,844.0,0.0,41.0
2017,42,0.020823004462072386,HIGH_SNR,262144,hann,10,3,0.27359389895138225,1.0,762.0,0.0,41.0
2017,42,0.020823004462072386,HIGH_SNR,262144,hann,10,4,0.3517635843660629,1.0,680.0,0.0,41.0
2017,42,0.020823004462072386,HIGH_SNR,262144,hann,10,5,0.4299332697807436,1.0,598.0,0.0,41.0
2017,42,0.020823004462072386,HIGH_SNR,262144,hann,10,6,0.49857006673021925,1.0,526.0,0.0,41.0
2017,42,0.020823004462072386,HIGH_SNR,262144,hann,10,7,0.553860819828408,1.0,468.0,0.0,41.0
2017,42,0.020823004462072386,HIGH_SNR,262144,hann,10,8,0.5862726406101049,1.0,434.0,0.0,41.0
2017,42,0.020823004462072386,HIGH_SNR,262144,hann,10,9,0.6415633937082936,1.0,376.0,0.0,41.0
2017,42,0.020823004462072386,HIGH_SNR,262144,hann,10,10,0.6968541468064824,1.0,318.0,0.0,41.0
2017,42,0.020823004462072386,HIGH_SNR,262144,hann,10,11,0.7387988560533841,1.0,274.0,0.0,41.0
2017,42,0.020823004462072386,HIGH_SNR,262144,hamming,10,2,0.1954242135367016,1.0,844.0,0.0,41.0
2017,42,0.020823004462072386,HIGH_SNR,262144,hamming,10,3,0.2716873212583413,1.0,764.0,0.0,41.0
2017,42,0.020823004462072386,HIGH_SNR,262144,hamming,10,4,0.32697807435653004,1.0,706.0,0.0,41.0
2017,42,0.020823004462072386,HIGH_SNR,262144,hamming,10,5,0.3822688274547188,1.0,648.0,0.0,41.0
2017,42,0.020823004462072386,HIGH_SNR,262144,hamming,10,6,0.43755958055290756,1.0,590.0,0.0,41.0
2017,42,0.020823004462072386,HIGH_SNR,262144,hamming,10,7,0.47378455672068637,1.0,552.0,0.0,41.0
2017,42,0.020823004462072386,HIGH_SNR,262144,hamming,10,8,0.4852240228789323,1.0,540.0,0.0,41.0
2017,42,0.020823004462072386,HIGH_SNR,262144,hamming,10,9,0.5023832221163013,1.0,522.0,0.0,41.0
2017,42,0.020823004462072386,HIGH_SNR,262144,hamming,10,10,0.5042897998093422,1.0,520.0,0.0,41.0
2017,42,0.020823004462072386,HIGH_SNR,262144,hamming,10,11,0.5042897998093422,1.0,520.0,0.0,41.0
2017,42,0.020823004462072386,HIGH_SNR,262144,blackman,10,2,0.1954242135367016,1.0,844.0,0.0,41.0
2017,42,0.020823004462072386,HIGH_SNR,262144,blackman,10,3,0.27359389895138225,1.0,762.0,0.0,41.0
2017,42,0.020823004462072386,HIGH_SNR,262144,blackman,10,4,0.3517635843660629,1.0,680.0,0.0,41.0
2017,42,0.020823004462072386,HIGH_SNR,262144,blackman,10,5,0.4299332697807436,1.0,598.0,0.0,41.0
2017,42,0.020823004462072386,HIGH_SNR,262144,blackman,10,6,0.5081029551954243,1.0,516.0,0.0,41.0
2017,42,0.020823004462072386,HIGH_SNR,262144,blackman,10,7,0.5862726406101049,1.0,434.0,0.0,41.0
2017,42,0.020823004462072386,HIGH_SNR,262144,blackman,10,8,0.6644423260247855,1.0,352.0,0.0,41.0
2017,42,0.020823004462072386,HIGH_SNR,262144,blackman,10,9,0.7197330791229742,1.0,294.0,0.0,41.0
2017,42,0.020823004462072386,HIGH_SNR,262144,blackman,10,10,0.775023832221163,1.0,236.0,0.0,41.0
2017,42,0.020823004462072386,HIGH_SNR,262144,blackman,10,11,0.8036224976167778,1.0,206.0,0.0,41.0
2017,504,0.2498760535448686,TRANSITION,65536,hann,9,2,0.8326996197718631,0.10934393638170974,44.0,448.0,55.0
2017,504,0.2498760535448686,TRANSITION,65536,hann,9,3,0.9695817490494296,0.10934393638170974,8.0,448.0,55.0
2017,504,0.2498760535448686,TRANSITION,65536,hann,9,4,0.9923954372623575,0.10934393638170974,2.0,448.0,55.0
2017,504,0.2498760535448686,TRANSITION,65536,hann,9,5,1.0,0.10934393638170974,0.0,448.0,55.0
2017,504,0.2498760535448686,TRANSITION,65536,hann,9,6,1.0,0.10934393638170974,0.0,448.0,55.0
2017,504,0.2498760535448686,TRANSITION,65536,hann,9,7,1.0,0.10934393638170974,0.0,448.0,55.0
2017,504,0.2498760535448686,TRANSITION,65536,hann,9,8,1.0,0.10934393638170974,0.0,448.0,55.0
2017,504,0.2498760535448686,TRANSITION,65536,hann,9,9,1.0,0.10934393638170974,0.0,448.0,55.0
2017,504,0.2498760535448686,TRANSITION,65536,hann,9,10,1.0,0.10934393638170974,0.0,448.0,55.0
2017,504,0.2498760535448686,TRANSITION,65536,hamming,9,2,0.8935361216730038,0.13320079522862824,28.0,436.0,67.0
2017,504,0.2498760535448686,TRANSITION,65536,hamming,9,3,0.9771863117870723,0.13320079522862824,6.0,436.0,67.0
2017,504,0.2498760535448686,TRANSITION,65536,hamming,9,4,0.9923954372623575,0.13320079522862824,2.0,436.0,67.0
2017,504,0.2498760535448686,TRANSITION,65536,hamming,9,5,1.0,0.13320079522862824,0.0,436.0,67.0
2017,504,0.2498760535448686,TRANSITION,65536,hamming,9,6,1.0,0.13320079522862824,0.0,436.0,67.0
2017,504,0.2498760535448686,TRANSITION,65536,hamming,9,7,1.0,0.13320079522862824,0.0,436.0,67.0
2017,504,0.2498760535448686,TRANSITION,65536,hamming,9,8,1.0,0.13320079522862824,0.0,436.0,67.0
2017,504,0.2498760535448686,TRANSITION,65536,hamming,9,9,1.0,0.13320079522862824,0.0,436.0,67.0
2017,504,0.2498760535448686,TRANSITION,65536,hamming,9,10,1.0,0.13320079522862824,0.0,436.0,67.0
2017,504,0.2498760535448686,TRANSITION,65536,blackman,9,2,0.7566539923954373,0.09343936381709742,64.0,456.0,47.0
2017,504,0.2498760535448686,TRANSITION,65536,blackman,9,3,0.9239543726235742,0.09343936381709742,20.0,456.0,47.0
2017,504,0.2498760535448686,TRANSITION,65536,blackman,9,4,0.9771863117870723,0.09343936381709742,6.0,456.0,47.0
2017,504,0.2498760535448686,TRANSITION,65536,blackman,9,5,0.9923954372623575,0.09343936381709742,2.0,456.0,47.0
2017,504,0.2498760535448686,TRANSITION,65536,blackman,9,6,1.0,0.09343936381709742,0.0,456.0,47.0
2017,504,0.2498760535448686,TRANSITION,65536,blackman,9,7,1.0,0.09343936381709742,0.0,456.0,47.0
2017,504,0.2498760535448686,TRANSITION,65536,blackman,9,8,1.0,0.09343936381709742,0.0,456.0,47.0
2017,504,0.2498760535448686,TRANSITION,65536,blackman,9,9,1.0,0.09343936381709742,0.0,456.0,47.0
2017,504,0.2498760535448686,TRANSITION,65536,blackman,9,10,1.0,0.09343936381709742,0.0,456.0,47.0
2017,504,0.2498760535448686,TRANSITION,131072,hann,9,2,0.8247619047619048,0.21669980119284293,92.0,394.0,109.0
2017,504,0.2498760535448686,TRANSITION,131072,hann,9,3,0.9580952380952381,0.21669980119284293,22.0,394.0,109.0
2017,504,0.2498760535448686,TRANSITION,131072,hann,9,4,0.9923809523809524,0.21669980119284293,4.0,394.0,109.0
2017,504,0.2498760535448686,TRANSITION,131072,hann,9,5,1.0,0.21669980119284293,0.0,394.0,109.0
2017,504,0.2498760535448686,TRANSITION,131072,hann,9,6,1.0,0.21669980119284293,0.0,394.0,109.0
2017,504,0.2498760535448686,TRANSITION,131072,hann,9,7,1.0,0.21669980119284293,0.0,394.0,109.0
2017,504,0.2498760535448686,TRANSITION,131072,hann,9,8,1.0,0.21669980119284293,0.0,394.0,109.0
2017,504,0.2498760535448686,TRANSITION,131072,hann,9,9,1.0,0.21669980119284293,0.0,394.0,109.0
2017,504,0.2498760535448686,TRANSITION,131072,hann,9,10,1.0,0.21669980119284293,0.0,394.0,109.0
2017,504,0.2498760535448686,TRANSITION,131072,hann,9,11,1.0,0.21669980119284293,0.0,394.0,109.0
2017,504,0.2498760535448686,TRANSITION,131072,hamming,9,2,0.8666666666666667,0.23260437375745527,70.0,386.0,117.0
2017,504,0.2498760535448686,TRANSITION,131072,hamming,9,3,0.9771428571428571,0.23260437375745527,12.0,386.0,117.0
2017,504,0.2498760535448686,TRANSITION,131072,hamming,9,4,0.9961904761904762,0.23260437375745527,2.0,386.0,117.0
2017,504,0.2498760535448686,TRANSITION,131072,hamming,9,5,1.0,0.23260437375745527,0.0,386.0,117.0
2017,504,0.2498760535448686,TRANSITION,131072,hamming,9,6,1.0,0.23260437375745527,0.0,386.0,117.0
2017,504,0.2498760535448686,TRANSITION,131072,hamming,9,7,1.0,0.23260437375745527,0.0,386.0,117.0
2017,504,0.2498760535448686,TRANSITION,131072,hamming,9,8,1.0,0.23260437375745527,0.0,386.0,117.0
2017,504,0.2498760535448686,TRANSITION,131072,hamming,9,9,1.0,0.23260437375745527,0.0,386.0,117.0
2017,504,0.2498760535448686,TRANSITION,131072,hamming,9,10,1.0,0.23260437375745527,0.0,386.0,117.0
2017,504,0.2498760535448686,TRANSITION,131072,hamming,9,11,1.0,0.23260437375745527,0.0,386.0,117.0
2017,504,0.2498760535448686,TRANSITION,131072,blackman,9,2,0.7638095238095238,0.1848906560636183,124.0,410.0,93.0
2017,504,0.2498760535448686,TRANSITION,131072,blackman,9,3,0.9085714285714286,0.1848906560636183,48.0,410.0,93.0
2017,504,0.2498760535448686,TRANSITION,131072,blackman,9,4,0.9771428571428571,0.1848906560636183,12.0,410.0,93.0
2017,504,0.2498760535448686,TRANSITION,131072,blackman,9,5,0.9923809523809524,0.1848906560636183,4.0,410.0,93.0
2017,504,0.2498760535448686,TRANSITION,131072,blackman,9,6,1.0,0.1848906560636183,0.0,410.0,93.0
2017,504,0.2498760535448686,TRANSITION,131072,blackman,9,7,1.0,0.1848906560636183,0.0,410.0,93.0
2017,504,0.2498760535448686,TRANSITION,131072,blackman,9,8,1.0,0.1848906560636183,0.0,410.0,93.0
2017,504,0.2498760535448686,TRANSITION,131072,blackman,9,9,1.0,0.1848906560636183,0.0,410.0,93.0
2017,504,0.2498760535448686,TRANSITION,131072,blackman,9,10,1.0,0.1848906560636183,0.0,410.0,93.0
2017,504,0.2498760535448686,TRANSITION,131072,blackman,9,11,1.0,0.1848906560636183,0.0,410.0,93.0
2017,504,0.2498760535448686,TRANSITION,262144,hann,10,2,0.7616777883698761,0.35984095427435386,250.0,322.0,181.0
2017,504,0.2498760535448686,TRANSITION,262144,hann,10,3,0.9313632030505243,0.35984095427435386,72.0,322.0,181.0
2017,504,0.2498760535448686,TRANSITION,262144,hann,10,4,0.988560533841754,0.35984095427435386,12.0,322.0,181.0
2017,504,0.2498760535448686,TRANSITION,262144,hann,10,5,0.998093422306959,0.35984095427435386,2.0,322.0,181.0
2017,504,0.2498760535448686,TRANSITION,262144,hann,10,6,1.0,0.35984095427435386,0.0,322.0,181.0
2017,504,0.2498760535448686,TRANSITION,262144,hann,10,7,1.0,0.35984095427435386,0.0,322.0,181.0
2017,504,0.2498760535448686,TRANSITION,262144,hann,10,8,1.0,0.35984095427435386,0.0,322.0,181.0
2017,504,0.2498760535448686,TRANSITION,262144,hann,10,9,1.0,0.35984095427435386,0.0,322.0,181.0
2017,504,0.2498760535448686,TRANSITION,262144,hann,10,10,1.0,0.35984095427435386,0.0,322.0,181.0
2017,504,0.2498760535448686,TRANSITION,262144,hann,10,11,1.0,0.35984095427435386,0.0,322.0,181.0
2017,504,0.2498760535448686,TRANSITION,262144,hamming,10,2,0.8112488083889419,0.40755467196819084,198.0,298.0,205.0
2017,504,0.2498760535448686,TRANSITION,262144,hamming,10,3,0.9523355576739753,0.40755467196819084,50.0,298.0,205.0
2017,504,0.2498760535448686,TRANSITION,262144,hamming,10,4,0.994280266920877,0.40755467196819084,6.0,298.0,205.0
2017,504,0.2498760535448686,TRANSITION,262144,hamming,10,5,1.0,0.40755467196819084,0.0,298.0,205.0
2017,504,0.2498760535448686,TRANSITION,262144,hamming,10,6,1.0,0.40755467196819084,0.0,298.0,205.0
2017,504,0.2498760535448686,TRANSITION,262144,hamming,10,7,1.0,0.40755467196819084,0.0,298.0,205.0
2017,504,0.2498760535448686,TRANSITION,262144,hamming,10,8,1.0,0.40755467196819084,0.0,298.0,205.0
2017,504,0.2498760535448686,TRANSITION,262144,hamming,10,9,1.0,0.40755467196819084,0.0,298.0,205.0
2017,504,0.2498760535448686,TRANSITION,262144,hamming,10,10,1.0,0.40755467196819084,0.0,298.0,205.0
2017,504,0.2498760535448686,TRANSITION,262144,hamming,10,11,1.0,0.40755467196819084,0.0,298.0,205.0
2017,504,0.2498760535448686,TRANSITION,262144,blackman,10,2,0.6987607244995233,0.3240556660039761,316.0,340.0,163.0
2017,504,0.2498760535448686,TRANSITION,262144,blackman,10,3,0.8817921830314586,0.3240556660039761,124.0,340.0,163.0
2017,504,0.2498760535448686,TRANSITION,262144,blackman,10,4,0.9618684461391802,0.3240556660039761,40.0,340.0,163.0
2017,504,0.2498760535448686,TRANSITION,262144,blackman,10,5,0.994280266920877,0.3240556660039761,6.0,340.0,163.0
2017,504,0.2498760535448686,TRANSITION,262144,blackman,10,6,0.998093422306959,0.3240556660039761,2.0,340.0,163.0
2017,504,0.2498760535448686,TRANSITION,262144,blackman,10,7,1.0,0.3240556660039761,0.0,340.0,163.0
2017,504,0.2498760535448686,TRANSITION,262144,blackman,10,8,1.0,0.3240556660039761,0.0,340.0,163.0
2017,504,0.2498760535448686,TRANSITION,262144,blackman,10,9,1.0,0.3240556660039761,0.0,340.0,163.0
2017,504,0.2498760535448686,TRANSITION,262144,blackman,10,10,1.0,0.3240556660039761,0.0,340.0,163.0
2017,504,0.2498760535448686,TRANSITION,262144,blackman,10,11,1.0,0.3240556660039761,0.0,340.0,163.0
2017,1008,0.4997521070897372,LOW_SNR,65536,hann,9,2,0.8136882129277566,0.0605759682224429,49.0,946.0,61.0
2017,1008,0.4997521070897372,LOW_SNR,65536,hann,9,3,0.9201520912547528,0.0605759682224429,21.0,946.0,61.0
2017,1008,0.4997521070897372,LOW_SNR,65536,hann,9,4,0.9809885931558935,0.0605759682224429,5.0,946.0,61.0
2017,1008,0.4997521070897372,LOW_SNR,65536,hann,9,5,0.9809885931558935,0.0605759682224429,5.0,946.0,61.0
2017,1008,0.4997521070897372,LOW_SNR,65536,hann,9,6,0.9809885931558935,0.0605759682224429,5.0,946.0,61.0
2017,1008,0.4997521070897372,LOW_SNR,65536,hann,9,7,0.9809885931558935,0.0605759682224429,5.0,946.0,61.0
2017,1008,0.4997521070897372,LOW_SNR,65536,hann,9,8,0.9809885931558935,0.0605759682224429,5.0,946.0,61.0
2017,1008,0.4997521070897372,LOW_SNR,65536,hann,9,9,0.9809885931558935,0.0605759682224429,5.0,946.0,61.0
2017,1008,0.4997521070897372,LOW_SNR,65536,hann,9,10,0.9809885931558935,0.0605759682224429,5.0,946.0,61.0
2017,1008,0.4997521070897372,LOW_SNR,65536,hamming,9,2,0.8593155893536122,0.06852035749751738,37.0,938.0,69.0
2017,1008,0.4997521070897372,LOW_SNR,65536,hamming,9,3,0.9505703422053232,0.06852035749751738,13.0,938.0,69.0
2017,1008,0.4997521070897372,LOW_SNR,65536,hamming,9,4,0.9809885931558935,0.06852035749751738,5.0,938.0,69.0
2017,1008,0.4997521070897372,LOW_SNR,65536,hamming,9,5,0.9809885931558935,0.06852035749751738,5.0,938.0,69.0
2017,1008,0.4997521070897372,LOW_SNR,65536,hamming,9,6,0.9809885931558935,0.06852035749751738,5.0,938.0,69.0
2017,1008,0.4997521070897372,LOW_SNR,65536,hamming,9,7,0.9809885931558935,0.06852035749751738,5.0,938.0,69.0
2017,1008,0.4997521070897372,LOW_SNR,65536,hamming,9,8,0.9809885931558935,0.06852035749751738,5.0,938.0,69.0
2017,1008,0.4997521070897372,LOW_SNR,65536,hamming,9,9,0.9809885931558935,0.06852035749751738,5.0,938.0,69.0
2017,1008,0.4997521070897372,LOW_SNR,65536,hamming,9,10,0.9809885931558935,0.06852035749751738,5.0,938.0,69.0
2017,1008,0.4997521070897372,LOW_SNR,65536,blackman,9,2,0.7452471482889734,0.05461767626613704,67.0,952.0,55.0
2017,1008,0.4997521070897372,LOW_SNR,65536,blackman,9,3,0.8669201520912547,0.05461767626613704,35.0,952.0,55.0
2017,1008,0.4997521070897372,LOW_SNR,65536,blackman,9,4,0.9505703422053232,0.05461767626613704,13.0,952.0,55.0
2017,1008,0.4997521070897372,LOW_SNR,65536,blackman,9,5,0.973384030418251,0.05461767626613704,7.0,952.0,55.0
2017,1008,0.4997521070897372,LOW_SNR,65536,blackman,9,6,0.973384030418251,0.05461767626613704,7.0,952.0,55.0
2017,1008,0.4997521070897372,LOW_SNR,65536,blackman,9,7,0.973384030418251,0.05461767626613704,7.0,952.0,55.0
2017,1008,0.4997521070897372,LOW_SNR,65536,blackman,9,8,0.973384030418251,0.05461767626613704,7.0,952.0,55.0
2017,1008,0.4997521070897372,LOW_SNR,65536,blackman,9,9,0.973384030418251,0.05461767626613704,7.0,952.0,55.0
2017,1008,0.4997521070897372,LOW_SNR,65536,blackman,9,10,0.973384030418251,0.05461767626613704,7.0,952.0,55.0
2017,1008,0.4997521070897372,LOW_SNR,131072,hann,9,2,0.8438095238095238,0.11817279046673287,82.0,888.0,119.0
2017,1008,0.4997521070897372,LOW_SNR,131072,hann,9,3,0.9295238095238095,0.11817279046673287,37.0,888.0,119.0
2017,1008,0.4997521070897372,LOW_SNR,131072,hann,9,4,0.9752380952380952,0.11817279046673287,13.0,888.0,119.0
2017,1008,0.4997521070897372,LOW_SNR,131072,hann,9,5,0.9866666666666667,0.11817279046673287,7.0,888.0,119.0
2017,1008,0.4997521070897372,LOW_SNR,131072,hann,9,6,0.9866666666666667,0.11817279046673287,7.0,888.0,119.0
2017,1008,0.4997521070897372,LOW_SNR,131072,hann,9,7,0.9866666666666667,0.11817279046673287,7.0,888.0,119.0
2017,1008,0.4997521070897372,LOW_SNR,131072,hann,9,8,0.9866666666666667,0.11817279046673287,7.0,888.0,119.0
2017,1008,0.4997521070897372,LOW_SNR,131072,hann,9,9,0.9866666666666667,0.11817279046673287,7.0,888.0,119.0
2017,1008,0.4997521070897372,LOW_SNR,131072,hann,9,10,0.9866666666666667,0.11817279046673287,7.0,888.0,119.0
2017,1008,0.4997521070897372,LOW_SNR,131072,hann,9,11,0.9866666666666667,0.11817279046673287,7.0,888.0,119.0
2017,1008,0.4997521070897372,LOW_SNR,131072,hamming,9,2,0.8914285714285715,0.13604766633565044,57.0,870.0,137.0
2017,1008,0.4997521070897372,LOW_SNR,131072,hamming,9,3,0.9561904761904761,0.13604766633565044,23.0,870.0,137.0
2017,1008,0.4997521070897372,LOW_SNR,131072,hamming,9,4,0.9866666666666667,0.13604766633565044,7.0,870.0,137.0
2017,1008,0.4997521070897372,LOW_SNR,131072,hamming,9,5,0.9866666666666667,0.13604766633565044,7.0,870.0,137.0
2017,1008,0.4997521070897372,LOW_SNR,131072,hamming,9,6,0.9866666666666667,0.13604766633565044,7.0,870.0,137.0
2017,1008,0.4997521070897372,LOW_SNR,131072,hamming,9,7,0.9866666666666667,0.13604766633565044,7.0,870.0,137.0
2017,1008,0.4997521070897372,LOW_SNR,131072,hamming,9,8,0.9866666666666667,0.13604766633565044,7.0,870.0,137.0
2017,1008,0.4997521070897372,LOW_SNR,131072,hamming,9,9,0.9866666666666667,0.13604766633565044,7.0,870.0,137.0
2017,1008,0.4997521070897372,LOW_SNR,131072,hamming,9,10,0.9866666666666667,0.13604766633565044,7.0,870.0,137.0
2017,1008,0.4997521070897372,LOW_SNR,131072,hamming,9,11,0.9866666666666667,0.13604766633565044,7.0,870.0,137.0
2017,1008,0.4997521070897372,LOW_SNR,131072,blackman,9,2,0.8,0.10625620655412116,105.0,900.0,107.0
2017,1008,0.4997521070897372,LOW_SNR,131072,blackman,9,3,0.9104761904761904,0.10625620655412116,47.0,900.0,107.0
2017,1008,0.4997521070897372,LOW_SNR,131072,blackman,9,4,0.96,0.10625620655412116,21.0,900.0,107.0
2017,1008,0.4997521070897372,LOW_SNR,131072,blackman,9,5,0.9866666666666667,0.10625620655412116,7.0,900.0,107.0
2017,1008,0.4997521070897372,LOW_SNR,131072,blackman,9,6,0.9866666666666667,0.10625620655412116,7.0,900.0,107.0
2017,1008,0.4997521070897372,LOW_SNR,131072,blackman,9,7,0.9866666666666667,0.10625620655412116,7.0,900.0,107.0
2017,1008,0.4997521070897372,LOW_SNR,131072,blackman,9,8,0.9866666666666667,0.10625620655412116,7.0,900.0,107.0
2017,1008,0.4997521070897372,LOW_SNR,131072,blackman,9,9,0.9866666666666667,0.10625620655412116,7.0,900.0,107.0
2017,1008,0.4997521070897372,LOW_SNR,131072,blackman,9,10,0.9866666666666667,0.10625620655412116,7.0,900.0,107.0
2017,1008,0.4997521070897372,LOW_SNR,131072,blackman,9,11,0.9866666666666667,0.10625620655412116,7.0,900.0,107.0
2017,1008,0.4997521070897372,LOW_SNR,262144,hann,10,2,0.8541468064823642,0.22542204568023833,153.0,780.0,227.0
2017,1008,0.4997521070897372,LOW_SNR,262144,hann,10,3,0.9571020019065777,0.22542204568023833,45.0,780.0,227.0
2017,1008,0.4997521070897372,LOW_SNR,262144,hann,10,4,0.9857006673021925,0.22542204568023833,15.0,780.0,227.0
2017,1008,0.4997521070897372,LOW_SNR,262144,hann,10,5,0.9933269780743565,0.22542204568023833,7.0,780.0,227.0
2017,1008,0.4997521070897372,LOW_SNR,262144,hann,10,6,0.9933269780743565,0.22542204568023833,7.0,780.0,227.0
2017,1008,0.4997521070897372,LOW_SNR,262144,hann,10,7,0.9933269780743565,0.22542204568023833,7.0,780.0,227.0
2017,1008,0.4997521070897372,LOW_SNR,262144,hann,10,8,0.9933269780743565,0.22542204568023833,7.0,780.0,227.0
2017,1008,0.4997521070897372,LOW_SNR,262144,hann,10,9,0.9933269780743565,0.22542204568023833,7.0,780.0,227.0
2017,1008,0.4997521070897372,LOW_SNR,262144,hann,10,10,0.9933269780743565,0.22542204568023833,7.0,780.0,227.0
2017,1008,0.4997521070897372,LOW_SNR,262144,hann,10,11,0.9933269780743565,0.22542204568023833,7.0,780.0,227.0
2017,1008,0.4997521070897372,LOW_SNR,262144,hamming,10,2,0.877025738798856,0.2313803376365442,129.0,774.0,233.0
2017,1008,0.4997521070897372,LOW_SNR,262144,hamming,10,3,0.9628217349857007,0.2313803376365442,39.0,774.0,233.0
2017,1008,0.4997521070897372,LOW_SNR,262144,hamming,10,4,0.9876072449952336,0.2313803376365442,13.0,774.0,233.0
2017,1008,0.4997521070897372,LOW_SNR,262144,hamming,10,5,0.9933269780743565,0.2313803376365442,7.0,774.0,233.0
2017,1008,0.4997521070897372,LOW_SNR,262144,hamming,10,6,0.9933269780743565,0.2313803376365442,7.0,774.0,233.0
2017,1008,0.4997521070897372,LOW_SNR,262144,hamming,10,7,0.9933269780743565,0.2313803376365442,7.0,774.0,233.0
2017,1008,0.4997521070897372,LOW_SNR,262144,hamming,10,8,0.9933269780743565,0.2313803376365442,7.0,774.0,233.0
2017,1008,0.4997521070897372,LOW_SNR,262144,hamming,10,9,0.9933269780743565,0.2313803376365442,7.0,774.0,233.0
2017,1008,0.4997521070897372,LOW_SNR,262144,hamming,10,10,0.9933269780743565,0.2313803376365442,7.0,774.0,233.0
2017,1008,0.4997521070897372,LOW_SNR,262144,hamming,10,11,0.9933269780743565,0.2313803376365442,7.0,774.0,233.0
2017,1008,0.4997521070897372,LOW_SNR,262144,blackman,10,2,0.7893231649189705,0.2015888778550149,221.0,804.0,203.0
2017,1008,0.4997521070897372,LOW_SNR,262144,blackman,10,3,0.9151572926596759,0.2015888778550149,89.0,804.0,203.0
2017,1008,0.4997521070897372,LOW_SNR,262144,blackman,10,4,0.9628217349857007,0.2015888778550149,39.0,804.0,203.0
2017,1008,0.4997521070897372,LOW_SNR,262144,blackman,10,5,0.9857006673021925,0.2015888778550149,15.0,804.0,203.0
2017,1008,0.4997521070897372,LOW_SNR,262144,blackman,10,6,0.9914204003813155,0.2015888778550149,9.0,804.0,203.0
2017,1008,0.4997521070897372,LOW_SNR,262144,blackman,10,7,0.9914204003813155,0.2015888778550149,9.0,804.0,203.0
2017,1008,0.4997521070897372,LOW_SNR,262144,blackman,10,8,0.9914204003813155,0.2015888778550149,9.0,804.0,203.0
2017,1008,0.4997521070897372,LOW_SNR,262144,blackman,10,9,0.9914204003813155,0.2015888778550149,9.0,804.0,203.0
2017,1008,0.4997521070897372,LOW_SNR,262144,blackman,10,10,0.9914204003813155,0.2015888778550149,9.0,804.0,203.0
2017,1008,0.4997521070897372,LOW_SNR,262144,blackman,10,11,0.9914204003813155,0.2015888778550149,9.0,804.0,203.0
3001,75,0.024991669443518827,HIGH_SNR,65536,hann,9,2,0.6615969581749049,0.6756756756756757,89.0,24.0,50.0
3001,75,0.024991669443518827,HIGH_SNR,65536,hann,9,3,0.8365019011406845,0.6756756756756757,43.0,24.0,50.0
3001,75,0.024991669443518827,HIGH_SNR,65536,hann,9,4,0.9467680608365019,0.6756756756756757,14.0,24.0,50.0
3001,75,0.024991669443518827,HIGH_SNR,65536,hann,9,5,0.9505703422053232,0.6756756756756757,13.0,24.0,50.0
3001,75,0.024991669443518827,HIGH_SNR,65536,hann,9,6,0.9505703422053232,0.6756756756756757,13.0,24.0,50.0
3001,75,0.024991669443518827,HIGH_SNR,65536,hann,9,7,0.9505703422053232,0.6756756756756757,13.0,24.0,50.0
3001,75,0.024991669443518827,HIGH_SNR,65536,hann,9,8,0.9505703422053232,0.6756756756756757,13.0,24.0,50.0
3001,75,0.024991669443518827,HIGH_SNR,65536,hann,9,9,0.9505703422053232,0.6756756756756757,13.0,24.0,50.0
3001,75,0.024991669443518827,HIGH_SNR,65536,hann,9,10,0.9505703422053232,0.6756756756756757,13.0,24.0,50.0
3001,75,0.024991669443518827,HIGH_SNR,65536,hamming,9,2,0.688212927756654,0.7027027027027027,82.0,22.0,52.0
3001,75,0.024991669443518827,HIGH_SNR,65536,hamming,9,3,0.8631178707224335,0.7027027027027027,36.0,22.0,52.0
3001,75,0.024991669443518827,HIGH_SNR,65536,hamming,9,4,0.9543726235741445,0.7027027027027027,12.0,22.0,52.0
3001,75,0.024991669443518827,HIGH_SNR,65536,hamming,9,5,0.9581749049429658,0.7027027027027027,11.0,22.0,52.0
3001,75,0.024991669443518827,HIGH_SNR,65536,hamming,9,6,0.9581749049429658,0.7027027027027027,11.0,22.0,52.0
3001,75,0.024991669443518827,HIGH_SNR,65536,hamming,9,7,0.9581749049429658,0.7027027027027027,11.0,22.0,52.0
3001,75,0.024991669443518827,HIGH_SNR,65536,hamming,9,8,0.9581749049429658,0.7027027027027027,11.0,22.0,52.0
3001,75,0.024991669443518827,HIGH_SNR,65536,hamming,9,9,0.9581749049429658,0.7027027027027027,11.0,22.0,52.0
3001,75,0.024991669443518827,HIGH_SNR,65536,hamming,9,10,0.9581749049429658,0.7027027027027027,11.0,22.0,52.0
3001,75,0.024991669443518827,HIGH_SNR,65536,blackman,9,2,0.596958174904943,0.5945945945945946,106.0,30.0,44.0
3001,75,0.024991669443518827,HIGH_SNR,65536,blackman,9,3,0.7680608365019012,0.5945945945945946,61.0,30.0,44.0
3001,75,0.024991669443518827,HIGH_SNR,65536,blackman,9,4,0.8935361216730038,0.5945945945945946,28.0,30.0,44.0
3001,75,0.024991669443518827,HIGH_SNR,65536,blackman,9,5,0.9429657794676806,0.5945945945945946,15.0,30.0,44.0
3001,75,0.024991669443518827,HIGH_SNR,65536,blackman,9,6,0.9429657794676806,0.5945945945945946,15.0,30.0,44.0
3001,75,0.024991669443518827,HIGH_SNR,65536,blackman,9,7,0.9429657794676806,0.5945945945945946,15.0,30.0,44.0
3001,75,0.024991669443518827,HIGH_SNR,65536,blackman,9,8,0.9429657794676806,0.5945945945945946,15.0,30.0,44.0
3001,75,0.024991669443518827,HIGH_SNR,65536,blackman,9,9,0.9429657794676806,0.5945945945945946,15.0,30.0,44.0
3001,75,0.024991669443518827,HIGH_SNR,65536,blackman,9,10,0.9429657794676806,0.5945945945945946,15.0,30.0,44.0
3001,75,0.024991669443518827,HIGH_SNR,131072,hann,9,2,0.5752380952380952,0.918918918918919,223.0,6.0,68.0
3001,75,0.024991669443518827,HIGH_SNR,131072,hann,9,3,0.758095238095238,0.918918918918919,127.0,6.0,68.0
3001,75,0.024991669443518827,HIGH_SNR,131072,hann,9,4,0.8895238095238095,0.918918918918919,58.0,6.0,68.0
3001,75,0.024991669443518827,HIGH_SNR,131072,hann,9,5,0.9657142857142857,0.918918918918919,18.0,6.0,68.0
3001,75,0.024991669443518827,HIGH_SNR,131072,hann,9,6,0.9752380952380952,0.918918918918919,13.0,6.0,68.0
3001,75,0.024991669443518827,HIGH_SNR,131072,hann,9,7,0.9752380952380952,0.918918918918919,13.0,6.0,68.0
3001,75,0.024991669443518827,HIGH_SNR,131072,hann,9,8,0.9752380952380952,0.918918918918919,13.0,6.0,68.0
3001,75,0.024991669443518827,HIGH_SNR,131072,hann,9,9,0.9752380952380952,0.918918918918919,13.0,6.0,68.0
3001,75,0.024991669443518827,HIGH_SNR,131072,hann,9,10,0.9752380952380952,0.918918918918919,13.0,6.0,68.0
3001,75,0.024991669443518827,HIGH_SNR,131072,hann,9,11,0.9752380952380952,0.918918918918919,13.0,6.0,68.0
3001,75,0.024991669443518827,HIGH_SNR,131072,hamming,9,2,0.5923809523809523,0.9459459459459459,214.0,4.0,70.0
3001,75,0.024991669443518827,HIGH_SNR,131072,hamming,9,3,0.7904761904761904,0.9459459459459459,110.0,4.0,70.0
3001,75,0.024991669443518827,HIGH_SNR,131072,hamming,9,4,0.9180952380952381,0.9459459459459459,43.0,4.0,70.0
3001,75,0.024991669443518827,HIGH_SNR,131072,hamming,9,5,0.9733333333333334,0.9459459459459459,14.0,4.0,70.0
3001,75,0.024991669443518827,HIGH_SNR,131072,hamming,9,6,0.9752380952380952,0.9459459459459459,13.0,4.0,70.0
3001,75,0.024991669443518827,HIGH_SNR,131072,hamming,9,7,0.9752380952380952,0.9459459459459459,13.0,4.0,70.0
3001,75,0.024991669443518827,HIGH_SNR,131072,hamming,9,8,0.9752380952380952,0.9459459459459459,13.0,4.0,70.0
3001,75,0.024991669443518827,HIGH_SNR,131072,hamming,9,9,0.9752380952380952,0.9459459459459459,13.0,4.0,70.0
3001,75,0.024991669443518827,HIGH_SNR,131072,hamming,9,10,0.9752380952380952,0.9459459459459459,13.0,4.0,70.0
3001,75,0.024991669443518827,HIGH_SNR,131072,hamming,9,11,0.9752380952380952,0.9459459459459459,13.0,4.0,70.0
3001,75,0.024991669443518827,HIGH_SNR,131072,blackman,9,2,0.5352380952380953,0.8918918918918919,244.0,8.0,66.0
3001,75,0.024991669443518827,HIGH_SNR,131072,blackman,9,3,0.7047619047619048,0.8918918918918919,155.0,8.0,66.0
3001,75,0.024991669443518827,HIGH_SNR,131072,blackman,9,4,0.84,0.8918918918918919,84.0,8.0,66.0
3001,75,0.024991669443518827,HIGH_SNR,131072,blackman,9,5,0.9276190476190476,0.8918918918918919,38.0,8.0,66.0
3001,75,0.024991669443518827,HIGH_SNR,131072,blackman,9,6,0.9695238095238096,0.8918918918918919,16.0,8.0,66.0
3001,75,0.024991669443518827,HIGH_SNR,131072,blackman,9,7,0.9714285714285714,0.8918918918918919,15.0,8.0,66.0
3001,75,0.024991669443518827,HIGH_SNR,131072,blackman,9,8,0.9714285714285714,0.8918918918918919,15.0,8.0,66.0
3001,75,0.024991669443518827,HIGH_SNR,131072,blackman,9,9,0.9714285714285714,0.8918918918918919,15.0,8.0,66.0
3001,75,0.024991669443518827,HIGH_SNR,131072,blackman,9,10,0.9714285714285714,0.8918918918918919,15.0,8.0,66.0
3001,75,0.024991669443518827,HIGH_SNR,131072,blackman,9,11,0.9714285714285714,0.8918918918918919,15.0,8.0,66.0
3001,75,0.024991669443518827,HIGH_SNR,262144,hann,10,2,0.35271687321258344,1.0,679.0,0.0,74.0
3001,75,0.024991669443518827,HIGH_SNR,262144,hann,10,3,0.4938036224976168,1.0,531.0,0.0,74.0
3001,75,0.024991669443518827,HIGH_SNR,262144,hann,10,4,0.6348903717826502,1.0,383.0,0.0,74.0
3001,75,0.024991669443518827,HIGH_SNR,262144,hann,10,5,0.7759771210676835,1.0,235.0,0.0,74.0
3001,75,0.024991669443518827,HIGH_SNR,262144,hann,10,6,0.9046711153479504,1.0,100.0,0.0,74.0
3001,75,0.024991669443518827,HIGH_SNR,262144,hann,10,7,0.9675881792183031,1.0,34.0,0.0,74.0
3001,75,0.024991669443518827,HIGH_SNR,262144,hann,10,8,0.9675881792183031,1.0,34.0,0.0,74.0
3001,75,0.024991669443518827,HIGH_SNR,262144,hann,10,9,0.9742612011439467,1.0,27.0,0.0,74.0
3001,75,0.024991669443518827,HIGH_SNR,262144,hann,10,10,0.9799809342230696,1.0,21.0,0.0,74.0
3001,75,0.024991669443518827,HIGH_SNR,262144,hann,10,11,0.9799809342230696,1.0,21.0,0.0,74.0
3001,75,0.024991669443518827,HIGH_SNR,262144,hamming,10,2,0.35271687321258344,1.0,679.0,0.0,74.0
3001,75,0.024991669443518827,HIGH_SNR,262144,hamming,10,3,0.4938036224976168,1.0,531.0,0.0,74.0
3001,75,0.024991669443518827,HIGH_SNR,262144,hamming,10,4,0.6348903717826502,1.0,383.0,0.0,74.0
3001,75,0.024991669443518827,HIGH_SNR,262144,hamming,10,5,0.7759771210676835,1.0,235.0,0.0,74.0
3001,75,0.024991669443518827,HIGH_SNR,262144,hamming,10,6,0.9075309818875119,1.0,97.0,0.0,74.0
3001,75,0.024991669443518827,HIGH_SNR,262144,hamming,10,7,0.9742612011439467,1.0,27.0,0.0,74.0
3001,75,0.024991669443518827,HIGH_SNR,262144,hamming,10,8,0.9742612011439467,1.0,27.0,0.0,74.0
3001,75,0.024991669443518827,HIGH_SNR,262144,hamming,10,9,0.9742612011439467,1.0,27.0,0.0,74.0
3001,75,0.024991669443518827,HIGH_SNR,262144,hamming,10,10,0.9742612011439467,1.0,27.0,0.0,74.0
3001,75,0.024991669443518827,HIGH_SNR,262144,hamming,10,11,0.9742612011439467,1.0,27.0,0.0,74.0
3001,75,0.024991669443518827,HIGH_SNR,262144,blackman,10,2,0.35271687321258344,1.0,679.0,0.0,74.0
3001,75,0.024991669443518827,HIGH_SNR,262144,blackman,10,3,0.4938036224976168,1.0,531.0,0.0,74.0
3001,75,0.024991669443518827,HIGH_SNR,262144,blackman,10,4,0.6310772163965681,1.0,387.0,0.0,74.0
3001,75,0.024991669443518827,HIGH_SNR,262144,blackman,10,5,0.7597712106768351,1.0,252.0,0.0,74.0
3001,75,0.024991669443518827,HIGH_SNR,262144,blackman,10,6,0.8751191611058151,1.0,131.0,0.0,74.0
3001,75,0.024991669443518827,HIGH_SNR,262144,blackman,10,7,0.9485224022878932,1.0,54.0,0.0,74.0
3001,75,0.024991669443518827,HIGH_SNR,262144,blackman,10,8,0.9818875119161106,1.0,19.0,0.0,74.0
3001,75,0.024991669443518827,HIGH_SNR,262144,blackman,10,9,0.9818875119161106,1.0,19.0,0.0,74.0
3001,75,0.024991669443518827,HIGH_SNR,262144,blackman,10,10,0.9818875119161106,1.0,19.0,0.0,74.0
3001,75,0.024991669443518827,HIGH_SNR,262144,blackman,10,11,0.9818875119161106,1.0,19.0,0.0,74.0
3001,600,0.19993335554815062,TRANSITION,65536,hann,9,2,0.844106463878327,0.09015025041736227,41.0,545.0,54.0
3001,600,0.19993335554815062,TRANSITION,65536,hann,9,3,0.9429657794676806,0.09015025041736227,15.0,545.0,54.0
3001,600,0.19993335554815062,TRANSITION,65536,hann,9,4,0.9809885931558935,0.09015025041736227,5.0,545.0,54.0
3001,600,0.19993335554815062,TRANSITION,65536,hann,9,5,0.9809885931558935,0.09015025041736227,5.0,545.0,54.0
3001,600,0.19993335554815062,TRANSITION,65536,hann,9,6,0.9809885931558935,0.09015025041736227,5.0,545.0,54.0
3001,600,0.19993335554815062,TRANSITION,65536,hann,9,7,0.9809885931558935,0.09015025041736227,5.0,545.0,54.0
3001,600,0.19993335554815062,TRANSITION,65536,hann,9,8,0.9809885931558935,0.09015025041736227,5.0,545.0,54.0
3001,600,0.19993335554815062,TRANSITION,65536,hann,9,9,0.9809885931558935,0.09015025041736227,5.0,545.0,54.0
3001,600,0.19993335554815062,TRANSITION,65536,hann,9,10,0.9809885931558935,0.09015025041736227,5.0,545.0,54.0
3001,600,0.19993335554815062,TRANSITION,65536,hamming,9,2,0.8745247148288974,0.09348914858096828,33.0,543.0,56.0
3001,600,0.19993335554815062,TRANSITION,65536,hamming,9,3,0.9657794676806084,0.09348914858096828,9.0,543.0,56.0
3001,600,0.19993335554815062,TRANSITION,65536,hamming,9,4,0.9809885931558935,0.09348914858096828,5.0,543.0,56.0
3001,600,0.19993335554815062,TRANSITION,65536,hamming,9,5,0.9809885931558935,0.09348914858096828,5.0,543.0,56.0
3001,600,0.19993335554815062,TRANSITION,65536,hamming,9,6,0.9809885931558935,0.09348914858096828,5.0,543.0,56.0
3001,600,0.19993335554815062,TRANSITION,65536,hamming,9,7,0.9809885931558935,0.09348914858096828,5.0,543.0,56.0
3001,600,0.19993335554815062,TRANSITION,65536,hamming,9,8,0.9809885931558935,0.09348914858096828,5.0,543.0,56.0
3001,600,0.19993335554815062,TRANSITION,65536,hamming,9,9,0.9809885931558935,0.09348914858096828,5.0,543.0,56.0
3001,600,0.19993335554815062,TRANSITION,65536,hamming,9,10,0.9809885931558935,0.09348914858096828,5.0,543.0,56.0
3001,600,0.19993335554815062,TRANSITION,65536,blackman,9,2,0.7680608365019012,0.08013355592654424,61.0,551.0,48.0
3001,600,0.19993335554815062,TRANSITION,65536,blackman,9,3,0.9049429657794676,0.08013355592654424,25.0,551.0,48.0
3001,600,0.19993335554815062,TRANSITION,65536,blackman,9,4,0.9657794676806084,0.08013355592654424,9.0,551.0,48.0
3001,600,0.19993335554815062,TRANSITION,65536,blackman,9,5,0.973384030418251,0.08013355592654424,7.0,551.0,48.0
3001,600,0.19993335554815062,TRANSITION,65536,blackman,9,6,0.973384030418251,0.08013355592654424,7.0,551.0,48.0
3001,600,0.19993335554815062,TRANSITION,65536,blackman,9,7,0.973384030418251,0.08013355592654424,7.0,551.0,48.0
3001,600,0.19993335554815062,TRANSITION,65536,blackman,9,8,0.973384030418251,0.08013355592654424,7.0,551.0,48.0
3001,600,0.19993335554815062,TRANSITION,65536,blackman,9,9,0.973384030418251,0.08013355592654424,7.0,551.0,48.0
3001,600,0.19993335554815062,TRANSITION,65536,blackman,9,10,0.973384030418251,0.08013355592654424,7.0,551.0,48.0
3001,600,0.19993335554815062,TRANSITION,131072,hann,9,2,0.8152380952380952,0.19031719532554256,97.0,485.0,114.0
3001,600,0.19993335554815062,TRANSITION,131072,hann,9,3,0.9371428571428572,0.19031719532554256,33.0,485.0,114.0
3001,600,0.19993335554815062,TRANSITION,131072,hann,9,4,0.9828571428571429,0.19031719532554256,9.0,485.0,114.0
3001,600,0.19993335554815062,TRANSITION,131072,hann,9,5,0.9866666666666667,0.19031719532554256,7.0,485.0,114.0
3001,600,0.19993335554815062,TRANSITION,131072,hann,9,6,0.9866666666666667,0.19031719532554256,7.0,485.0,114.0
3001,600,0.19993335554815062,TRANSITION,131072,hann,9,7,0.9866666666666667,0.19031719532554256,7.0,485.0,114.0
3001,600,0.19993335554815062,TRANSITION,131072,hann,9,8,0.9866666666666667,0.19031719532554256,7.0,485.0,114.0
3001,600,0.19993335554815062,TRANSITION,131072,hann,9,9,0.9866666666666667,0.19031719532554256,7.0,485.0,114.0
3001,600,0.19993335554815062,TRANSITION,131072,hann,9,10,0.9866666666666667,0.19031719532554256,7.0,485.0,114.0
3001,600,0.19993335554815062,TRANSITION,131072,hann,9,11,0.9866666666666667,0.19031719532554256,7.0,485.0,114.0
3001,600,0.19993335554815062,TRANSITION,131072,hamming,9,2,0.8571428571428571,0.2036727879799666,75.0,477.0,122.0
3001,600,0.19993335554815062,TRANSITION,131072,hamming,9,3,0.96,0.2036727879799666,21.0,477.0,122.0
3001,600,0.19993335554815062,TRANSITION,131072,hamming,9,4,0.9866666666666667,0.2036727879799666,7.0,477.0,122.0
3001,600,0.19993335554815062,TRANSITION,131072,hamming,9,5,0.9866666666666667,0.2036727879799666,7.0,477.0,122.0
3001,600,0.19993335554815062,TRANSITION,131072,hamming,9,6,0.9866666666666667,0.2036727879799666,7.0,477.0,122.0
3001,600,0.19993335554815062,TRANSITION,131072,hamming,9,7,0.9866666666666667,0.2036727879799666,7.0,477.0,122.0
3001,600,0.19993335554815062,TRANSITION,131072,hamming,9,8,0.9866666666666667,0.2036727879799666,7.0,477.0,122.0
3001,600,0.19993335554815062,TRANSITION,131072,hamming,9,9,0.9866666666666667,0.2036727879799666,7.0,477.0,122.0
3001,600,0.19993335554815062,TRANSITION,131072,hamming,9,10,0.9866666666666667,0.2036727879799666,7.0,477.0,122.0
3001,600,0.19993335554815062,TRANSITION,131072,hamming,9,11,0.9866666666666667,0.2036727879799666,7.0,477.0,122.0
3001,600,0.19993335554815062,TRANSITION,131072,blackman,9,2,0.7428571428571429,0.16026711185308848,135.0,503.0,96.0
3001,600,0.19993335554815062,TRANSITION,131072,blackman,9,3,0.8952380952380953,0.16026711185308848,55.0,503.0,96.0
3001,600,0.19993335554815062,TRANSITION,131072,blackman,9,4,0.96,0.16026711185308848,21.0,503.0,96.0
3001,600,0.19993335554815062,TRANSITION,131072,blackman,9,5,0.9828571428571429,0.16026711185308848,9.0,503.0,96.0
3001,600,0.19993335554815062,TRANSITION,131072,blackman,9,6,0.9828571428571429,0.16026711185308848,9.0,503.0,96.0
3001,600,0.19993335554815062,TRANSITION,131072,blackman,9,7,0.9828571428571429,0.16026711185308848,9.0,503.0,96.0
3001,600,0.19993335554815062,TRANSITION,131072,blackman,9,8,0.9828571428571429,0.16026711185308848,9.0,503.0,96.0
3001,600,0.19993335554815062,TRANSITION,131072,blackman,9,9,0.9828571428571429,0.16026711185308848,9.0,503.0,96.0
3001,600,0.19993335554815062,TRANSITION,131072,blackman,9,10,0.9828571428571429,0.16026711185308848,9.0,503.0,96.0
3001,600,0.19993335554815062,TRANSITION,131072,blackman,9,11,0.9828571428571429,0.16026711185308848,9.0,503.0,96.0
3001,600,0.19993335554815062,TRANSITION,262144,hann,10,2,0.8122020972354623,0.35058430717863104,197.0,389.0,210.0
3001,600,0.19993335554815062,TRANSITION,262144,hann,10,3,0.9361296472831268,0.35058430717863104,67.0,389.0,210.0
3001,600,0.19993335554815062,TRANSITION,262144,hann,10,4,0.9837940896091516,0.35058430717863104,17.0,389.0,210.0
3001,600,0.19993335554815062,TRANSITION,262144,hann,10,5,0.9914204003813155,0.35058430717863104,9.0,389.0,210.0
3001,600,0.19993335554815062,TRANSITION,262144,hann,10,6,0.9914204003813155,0.35058430717863104,9.0,389.0,210.0
3001,600,0.19993335554815062,TRANSITION,262144,hann,10,7,0.9914204003813155,0.35058430717863104,9.0,389.0,210.0
3001,600,0.19993335554815062,TRANSITION,262144,hann,10,8,0.9914204003813155,0.35058430717863104,9.0,389.0,210.0
3001,600,0.19993335554815062,TRANSITION,262144,hann,10,9,0.9914204003813155,0.35058430717863104,9.0,389.0,210.0
3001,600,0.19993335554815062,TRANSITION,262144,hann,10,10,0.9914204003813155,0.35058430717863104,9.0,389.0,210.0
3001,600,0.19993335554815062,TRANSITION,262144,hann,10,11,0.9914204003813155,0.35058430717863104,9.0,389.0,210.0
3001,600,0.19993335554815062,TRANSITION,262144,hamming,10,2,0.8551000953288846,0.3656093489148581,152.0,380.0,219.0
3001,600,0.19993335554815062,TRANSITION,262144,hamming,10,3,0.9666348903717826,0.3656093489148581,35.0,380.0,219.0
3001,600,0.19993335554815062,TRANSITION,262144,hamming,10,4,0.9914204003813155,0.3656093489148581,9.0,380.0,219.0
3001,600,0.19993335554815062,TRANSITION,262144,hamming,10,5,0.9933269780743565,0.3656093489148581,7.0,380.0,219.0
3001,600,0.19993335554815062,TRANSITION,262144,hamming,10,6,0.9933269780743565,0.3656093489148581,7.0,380.0,219.0
3001,600,0.19993335554815062,TRANSITION,262144,hamming,10,7,0.9933269780743565,0.3656093489148581,7.0,380.0,219.0
3001,600,0.19993335554815062,TRANSITION,262144,hamming,10,8,0.9933269780743565,0.3656093489148581,7.0,380.0,219.0
3001,600,0.19993335554815062,TRANSITION,262144,hamming,10,9,0.9933269780743565,0.3656093489148581,7.0,380.0,219.0
3001,600,0.19993335554815062,TRANSITION,262144,hamming,10,10,0.9933269780743565,0.3656093489148581,7.0,380.0,219.0
3001,600,0.19993335554815062,TRANSITION,262144,hamming,10,11,0.9933269780743565,0.3656093489148581,7.0,380.0,219.0
3001,600,0.19993335554815062,TRANSITION,262144,blackman,10,2,0.7645376549094376,0.31719532554257096,247.0,409.0,190.0
3001,600,0.19993335554815062,TRANSITION,262144,blackman,10,3,0.897998093422307,0.31719532554257096,107.0,409.0,190.0
3001,600,0.19993335554815062,TRANSITION,262144,blackman,10,4,0.9666348903717826,0.31719532554257096,35.0,409.0,190.0
3001,600,0.19993335554815062,TRANSITION,262144,blackman,10,5,0.9876072449952336,0.31719532554257096,13.0,409.0,190.0
3001,600,0.19993335554815062,TRANSITION,262144,blackman,10,6,0.9914204003813155,0.31719532554257096,9.0,409.0,190.0
3001,600,0.19993335554815062,TRANSITION,262144,blackman,10,7,0.9914204003813155,0.31719532554257096,9.0,409.0,190.0
3001,600,0.19993335554815062,TRANSITION,262144,blackman,10,8,0.9914204003813155,0.31719532554257096,9.0,409.0,190.0
3001,600,0.19993335554815062,TRANSITION,262144,blackman,10,9,0.9914204003813155,0.31719532554257096,9.0,409.0,190.0
3001,600,0.19993335554815062,TRANSITION,262144,blackman,10,10,0.9914204003813155,0.31719532554257096,9.0,409.0,190.0
3001,600,0.19993335554815062,TRANSITION,262144,blackman,10,11,0.9914204003813155,0.31719532554257096,9.0,409.0,190.0
3001,1500,0.49983338887037654,LOW_SNR,65536,hann,9,2,0.8593155893536122,0.04336224149432955,37.0,1434.0,65.0
3001,1500,0.49983338887037654,LOW_SNR,65536,hann,9,3,0.9277566539923955,0.04336224149432955,19.0,1434.0,65.0
3001,1500,0.49983338887037654,LOW_SNR,65536,hann,9,4,0.973384030418251,0.04336224149432955,7.0,1434.0,65.0
3001,1500,0.49983338887037654,LOW_SNR,65536,hann,9,5,0.973384030418251,0.04336224149432955,7.0,1434.0,65.0
3001,1500,0.49983338887037654,LOW_SNR,65536,hann,9,6,0.973384030418251,0.04336224149432955,7.0,1434.0,65.0
3001,1500,0.49983338887037654,LOW_SNR,65536,hann,9,7,0.973384030418251,0.04336224149432955,7.0,1434.0,65.0
3001,1500,0.49983338887037654,LOW_SNR,65536,hann,9,8,0.973384030418251,0.04336224149432955,7.0,1434.0,65.0
3001,1500,0.49983338887037654,LOW_SNR,65536,hann,9,9,0.973384030418251,0.04336224149432955,7.0,1434.0,65.0
3001,1500,0.49983338887037654,LOW_SNR,65536,hann,9,10,0.973384030418251,0.04336224149432955,7.0,1434.0,65.0
3001,1500,0.49983338887037654,LOW_SNR,65536,hamming,9,2,0.8897338403041825,0.047364909939959975,29.0,1428.0,71.0
3001,1500,0.49983338887037654,LOW_SNR,65536,hamming,9,3,0.9505703422053232,0.047364909939959975,13.0,1428.0,71.0
3001,1500,0.49983338887037654,LOW_SNR,65536,hamming,9,4,0.9809885931558935,0.047364909939959975,5.0,1428.0,71.0
3001,1500,0.49983338887037654,LOW_SNR,65536,hamming,9,5,0.9809885931558935,0.047364909939959975,5.0,1428.0,71.0
3001,1500,0.49983338887037654,LOW_SNR,65536,hamming,9,6,0.9809885931558935,0.047364909939959975,5.0,1428.0,71.0
3001,1500,0.49983338887037654,LOW_SNR,65536,hamming,9,7,0.9809885931558935,0.047364909939959975,5.0,1428.0,71.0
3001,1500,0.49983338887037654,LOW_SNR,65536,hamming,9,8,0.9809885931558935,0.047364909939959975,5.0,1428.0,71.0
3001,1500,0.49983338887037654,LOW_SNR,65536,hamming,9,9,0.9809885931558935,0.047364909939959975,5.0,1428.0,71.0
3001,1500,0.49983338887037654,LOW_SNR,65536,hamming,9,10,0.9809885931558935,0.047364909939959975,5.0,1428.0,71.0
3001,1500,0.49983338887037654,LOW_SNR,65536,blackman,9,2,0.7908745247148289,0.03802535023348899,55.0,1442.0,57.0
3001,1500,0.49983338887037654,LOW_SNR,65536,blackman,9,3,0.8821292775665399,0.03802535023348899,31.0,1442.0,57.0
3001,1500,0.49983338887037654,LOW_SNR,65536,blackman,9,4,0.9429657794676806,0.03802535023348899,15.0,1442.0,57.0
3001,1500,0.49983338887037654,LOW_SNR,65536,blackman,9,5,0.973384030418251,0.03802535023348899,7.0,1442.0,57.0
3001,1500,0.49983338887037654,LOW_SNR,65536,blackman,9,6,0.973384030418251,0.03802535023348899,7.0,1442.0,57.0
3001,1500,0.49983338887037654,LOW_SNR,65536,blackman,9,7,0.973384030418251,0.03802535023348899,7.0,1442.0,57.0
3001,1500,0.49983338887037654,LOW_SNR,65536,blackman,9,8,0.973384030418251,0.03802535023348899,7.0,1442.0,57.0
3001,1500,0.49983338887037654,LOW_SNR,65536,blackman,9,9,0.973384030418251,0.03802535023348899,7.0,1442.0,57.0
3001,1500,0.49983338887037654,LOW_SNR,65536,blackman,9,10,0.973384030418251,0.03802535023348899,7.0,1442.0,57.0
3001,1500,0.49983338887037654,LOW_SNR,131072,hann,9,2,0.8723809523809524,0.08072048032021348,67.0,1378.0,121.0
3001,1500,0.49983338887037654,LOW_SNR,131072,hann,9,3,0.9447619047619048,0.08072048032021348,29.0,1378.0,121.0
3001,1500,0.49983338887037654,LOW_SNR,131072,hann,9,4,0.9714285714285714,0.08072048032021348,15.0,1378.0,121.0
3001,1500,0.49983338887037654,LOW_SNR,131072,hann,9,5,0.9866666666666667,0.08072048032021348,7.0,1378.0,121.0
3001,1500,0.49983338887037654,LOW_SNR,131072,hann,9,6,0.9866666666666667,0.08072048032021348,7.0,1378.0,121.0
3001,1500,0.49983338887037654,LOW_SNR,131072,hann,9,7,0.9866666666666667,0.08072048032021348,7.0,1378.0,121.0
3001,1500,0.49983338887037654,LOW_SNR,131072,hann,9,8,0.9866666666666667,0.08072048032021348,7.0,1378.0,121.0
3001,1500,0.49983338887037654,LOW_SNR,131072,hann,9,9,0.9866666666666667,0.08072048032021348,7.0,1378.0,121.0
3001,1500,0.49983338887037654,LOW_SNR,131072,hann,9,10,0.9866666666666667,0.08072048032021348,7.0,1378.0,121.0
3001,1500,0.49983338887037654,LOW_SNR,131072,hann,9,11,0.9866666666666667,0.08072048032021348,7.0,1378.0,121.0
3001,1500,0.49983338887037654,LOW_SNR,131072,hamming,9,2,0.9104761904761904,0.09406270847231488,47.0,1358.0,141.0
3001,1500,0.49983338887037654,LOW_SNR,131072,hamming,9,3,0.9638095238095238,0.09406270847231488,19.0,1358.0,141.0
3001,1500,0.49983338887037654,LOW_SNR,131072,hamming,9,4,0.9866666666666667,0.09406270847231488,7.0,1358.0,141.0
3001,1500,0.49983338887037654,LOW_SNR,131072,hamming,9,5,0.9866666666666667,0.09406270847231488,7.0,1358.0,141.0
3001,1500,0.49983338887037654,LOW_SNR,131072,hamming,9,6,0.9866666666666667,0.09406270847231488,7.0,1358.0,141.0
3001,1500,0.49983338887037654,LOW_SNR,131072,hamming,9,7,0.9866666666666667,0.09406270847231488,7.0,1358.0,141.0
3001,1500,0.49983338887037654,LOW_SNR,131072,hamming,9,8,0.9866666666666667,0.09406270847231488,7.0,1358.0,141.0
3001,1500,0.49983338887037654,LOW_SNR,131072,hamming,9,9,0.9866666666666667,0.09406270847231488,7.0,1358.0,141.0
3001,1500,0.49983338887037654,LOW_SNR,131072,hamming,9,10,0.9866666666666667,0.09406270847231488,7.0,1358.0,141.0
3001,1500,0.49983338887037654,LOW_SNR,131072,hamming,9,11,0.9866666666666667,0.09406270847231488,7.0,1358.0,141.0
3001,1500,0.49983338887037654,LOW_SNR,131072,blackman,9,2,0.819047619047619,0.07004669779853236,95.0,1394.0,105.0
3001,1500,0.49983338887037654,LOW_SNR,131072,blackman,9,3,0.9295238095238095,0.07004669779853236,37.0,1394.0,105.0
3001,1500,0.49983338887037654,LOW_SNR,131072,blackman,9,4,0.9638095238095238,0.07004669779853236,19.0,1394.0,105.0
3001,1500,0.49983338887037654,LOW_SNR,131072,blackman,9,5,0.9866666666666667,0.07004669779853236,7.0,1394.0,105.0
3001,1500,0.49983338887037654,LOW_SNR,131072,blackman,9,6,0.9866666666666667,0.07004669779853236,7.0,1394.0,105.0
3001,1500,0.49983338887037654,LOW_SNR,131072,blackman,9,7,0.9866666666666667,0.07004669779853236,7.0,1394.0,105.0
3001,1500,0.49983338887037654,LOW_SNR,131072,blackman,9,8,0.9866666666666667,0.07004669779853236,7.0,1394.0,105.0
3001,1500,0.49983338887037654,LOW_SNR,131072,blackman,9,9,0.9866666666666667,0.07004669779853236,7.0,1394.0,105.0
3001,1500,0.49983338887037654,LOW_SNR,131072,blackman,9,10,0.9866666666666667,0.07004669779853236,7.0,1394.0,105.0
3001,1500,0.49983338887037654,LOW_SNR,131072,blackman,9,11,0.9866666666666667,0.07004669779853236,7.0,1394.0,105.0
3001,1500,0.49983338887037654,LOW_SNR,262144,hann,10,2,0.86558627264061,0.1647765176784523,141.0,1252.0,247.0
3001,1500,0.49983338887037654,LOW_SNR,262144,hann,10,3,0.9609151572926596,0.1647765176784523,41.0,1252.0,247.0
3001,1500,0.49983338887037654,LOW_SNR,262144,hann,10,4,0.9837940896091516,0.1647765176784523,17.0,1252.0,247.0
3001,1500,0.49983338887037654,LOW_SNR,262144,hann,10,5,0.9914204003813155,0.1647765176784523,9.0,1252.0,247.0
3001,1500,0.49983338887037654,LOW_SNR,262144,hann,10,6,0.9914204003813155,0.1647765176784523,9.0,1252.0,247.0
3001,1500,0.49983338887037654,LOW_SNR,262144,hann,10,7,0.9914204003813155,0.1647765176784523,9.0,1252.0,247.0
3001,1500,0.49983338887037654,LOW_SNR,262144,hann,10,8,0.9914204003813155,0.1647765176784523,9.0,1252.0,247.0
3001,1500,0.49983338887037654,LOW_SNR,262144,hann,10,9,0.9914204003813155,0.1647765176784523,9.0,1252.0,247.0
3001,1500,0.49983338887037654,LOW_SNR,262144,hann,10,10,0.9914204003813155,0.1647765176784523,9.0,1252.0,247.0
3001,1500,0.49983338887037654,LOW_SNR,262144,hann,10,11,0.9914204003813155,0.1647765176784523,9.0,1252.0,247.0
3001,1500,0.49983338887037654,LOW_SNR,262144,hamming,10,2,0.9046711153479504,0.18345563709139426,100.0,1224.0,275.0
3001,1500,0.49983338887037654,LOW_SNR,262144,hamming,10,3,0.9742612011439467,0.18345563709139426,27.0,1224.0,275.0
3001,1500,0.49983338887037654,LOW_SNR,262144,hamming,10,4,0.9895138226882746,0.18345563709139426,11.0,1224.0,275.0
3001,1500,0.49983338887037654,LOW_SNR,262144,hamming,10,5,0.9933269780743565,0.18345563709139426,7.0,1224.0,275.0
3001,1500,0.49983338887037654,LOW_SNR,262144,hamming,10,6,0.9933269780743565,0.18345563709139426,7.0,1224.0,275.0
3001,1500,0.49983338887037654,LOW_SNR,262144,hamming,10,7,0.9933269780743565,0.18345563709139426,7.0,1224.0,275.0
3001,1500,0.49983338887037654,LOW_SNR,262144,hamming,10,8,0.9933269780743565,0.18345563709139426,7.0,1224.0,275.0
3001,1500,0.49983338887037654,LOW_SNR,262144,hamming,10,9,0.9933269780743565,0.18345563709139426,7.0,1224.0,275.0
3001,1500,0.49983338887037654,LOW_SNR,262144,hamming,10,10,0.9933269780743565,0.18345563709139426,7.0,1224.0,275.0
3001,1500,0.49983338887037654,LOW_SNR,262144,hamming,10,11,0.9933269780743565,0.18345563709139426,7.0,1224.0,275.0
3001,1500,0.49983338887037654,LOW_SNR,262144,blackman,10,2,0.7988560533841754,0.13942628418945963,211.0,1290.0,209.0
3001,1500,0.49983338887037654,LOW_SNR,262144,blackman,10,3,0.9265967588179218,0.13942628418945963,77.0,1290.0,209.0
3001,1500,0.49983338887037654,LOW_SNR,262144,blackman,10,4,0.9685414680648237,0.13942628418945963,33.0,1290.0,209.0
3001,1500,0.49983338887037654,LOW_SNR,262144,blackman,10,5,0.9837940896091516,0.13942628418945963,17.0,1290.0,209.0
3001,1500,0.49983338887037654,LOW_SNR,262144,blackman,10,6,0.9914204003813155,0.13942628418945963,9.0,1290.0,209.0
3001,1500,0.49983338887037654,LOW_SNR,262144,blackman,10,7,0.9914204003813155,0.13942628418945963,9.0,1290.0,209.0
3001,1500,0.49983338887037654,LOW_SNR,262144,blackman,10,8,0.9914204003813155,0.13942628418945963,9.0,1290.0,209.0
3001,1500,0.49983338887037654,LOW_SNR,262144,blackman,10,9,0.9914204003813155,0.13942628418945963,9.0,1290.0,209.0
3001,1500,0.49983338887037654,LOW_SNR,262144,blackman,10,10,0.9914204003813155,0.13942628418945963,9.0,1290.0,209.0
3001,1500,0.49983338887037654,LOW_SNR,262144,blackman,10,11,0.9914204003813155,0.13942628418945963,9.0,1290.0,209.0
